,Company,WebSite,Price,Rating,Cluster_Id
3,191,0,13.99,4.0,2
4,191,0,14.99,4.5,2
5,191,0,15.99,4.5,2
6,110,0,13.99,4.6,2
7,110,0,13.99,4.5,2
8,191,0,15.99,4.5,2
9,191,0,11.49,4.0,2
10,191,0,11.99,4.5,2
11,19,0,11.99,4.5,2
12,19,0,21.99,4.5,2
13,110,0,26.99,4.5,2
14,191,0,7.99,4.5,2
15,113,0,12.99,4.5,2
16,113,0,14.99,4.5,2
17,191,0,15.99,4.0,2
18,110,0,13.99,4.5,2
19,19,0,11.99,4.5,2
20,19,0,19.99,4.6,2
21,185,0,15.99,4.5,2
22,20,0,9.99,4.5,2
23,134,0,13.49,4.5,2
24,185,0,13.99,4.5,2
25,185,0,15.99,4.5,2
26,112,0,13.99,4.5,2
27,51,0,7.99,4.5,2
28,134,0,18.99,4.5,2
29,134,0,18.99,4.5,2
30,83,0,18.99,4.5,2
31,130,0,15.99,4.5,2
32,136,0,8.99,4.5,2
33,134,0,11.99,4.5,2
34,2,0,16.99,4.5,2
35,112,0,29.99,4.5,2
36,191,0,11.49,4.5,2
37,185,0,15.99,4.5,2
38,130,0,14.99,4.5,2
39,136,0,13.49,4.5,2
40,19,0,11.49,4.5,2
41,134,0,11.99,4.5,2
42,19,0,14.99,4.5,2
43,191,0,13.99,4.5,2
44,136,0,13.49,4.5,2
45,134,0,11.99,4.0,2
46,113,0,21.99,4.0,2
47,173,0,15.99,4.5,2
48,149,0,29.99,4.0,2
49,135,0,17.99,4.5,2
50,191,0,29.99,4.5,2
51,3,0,12.99,4.5,2
52,191,0,11.99,4.0,2
53,191,0,19.99,4.5,2
54,130,0,15.99,4.0,2
55,191,0,7.99,4.5,2
56,191,0,5.49,4.5,2
57,116,0,12.99,4.5,2
58,191,0,11.99,5.0,2
59,191,0,13.99,5.0,2
60,112,0,38.99,5.0,2
61,191,0,19.99,5.0,2
62,19,0,11.99,4.5,2
63,19,0,14.99,4.5,2
64,134,0,38.99,4.5,2
65,19,0,19.99,4.5,2
66,19,0,14.99,4.5,2
67,191,0,13.99,4.0,2
68,191,0,14.99,4.5,2
69,191,0,15.99,4.5,2
70,110,0,13.99,4.6,2
71,110,0,13.99,4.5,2
72,191,0,15.99,4.5,2
73,191,0,11.49,4.0,2
74,191,0,11.99,4.5,2
75,19,0,11.99,4.5,2
76,19,0,21.99,4.5,2
77,110,0,26.99,4.5,2
78,191,0,7.99,4.5,2
79,113,0,12.99,4.5,2
80,113,0,14.99,4.5,2
81,191,0,15.99,4.0,2
82,110,0,13.99,4.5,2
83,19,0,11.99,4.5,2
84,19,0,19.99,4.6,2
85,185,0,15.99,4.5,2
86,20,0,9.99,4.5,2
87,134,0,13.49,4.5,2
88,185,0,13.99,4.5,2
89,185,0,15.99,4.5,2
90,112,0,13.99,4.5,2
91,51,0,7.99,4.5,2
92,134,0,18.99,4.5,2
93,134,0,18.99,4.5,2
94,83,0,18.99,4.5,2
95,130,0,15.99,4.5,2
96,136,0,8.99,4.5,2
97,134,0,11.99,4.5,2
98,2,0,16.99,4.5,2
99,112,0,29.99,4.5,2
100,191,0,11.49,4.5,2
101,185,0,15.99,4.5,2
102,130,0,14.99,4.5,2
103,136,0,13.49,4.5,2
104,19,0,11.49,4.5,2
105,134,0,11.99,4.5,2
106,19,0,14.99,4.5,2
107,191,0,13.99,4.5,2
108,136,0,13.49,4.5,2
109,134,0,11.99,4.0,2
110,113,0,21.99,4.0,2
111,173,0,15.99,4.5,2
112,149,0,29.99,4.0,2
113,135,0,17.99,4.5,2
114,191,0,29.99,4.5,2
115,3,0,12.99,4.5,2
116,191,0,11.99,4.0,2
117,191,0,19.99,4.5,2
118,130,0,15.99,4.0,2
119,191,0,7.99,4.5,2
120,191,0,5.49,4.5,2
121,116,0,12.99,4.5,2
122,191,0,11.99,5.0,2
123,191,0,13.99,5.0,2
124,112,0,38.99,5.0,2
125,191,0,19.99,5.0,2
126,19,0,11.99,4.5,2
127,19,0,14.99,4.5,2
128,134,0,38.99,4.5,2
129,19,0,19.99,4.5,2
130,19,0,14.99,4.5,2
131,100,0,11.99,4.5,2
132,61,0,24.99,4.5,2
133,191,0,11.99,4.5,2
134,110,0,13.99,4.6,2
135,191,0,14.99,4.5,2
136,191,0,11.49,4.5,2
137,191,0,13.99,4.5,2
138,112,0,19.99,4.0,2
139,112,0,22.99,4.0,2
140,64,0,15.99,4.0,2
141,19,0,14.99,4.0,2
142,19,0,21.99,4.5,2
143,139,0,29.99,4.0,2
144,191,0,11.99,4.0,2
145,7,0,39.99,4.5,2
146,134,0,11.99,4.0,2
147,19,0,19.99,4.6,2
148,116,0,12.99,4.5,2
149,191,0,11.99,5.0,2
150,191,0,19.99,5.0,2
151,19,0,22.99,4.5,2
152,19,0,14.99,4.5,2
153,191,0,18.99,4.5,2
154,192,0,13.99,4.5,2
155,19,0,19.99,4.0,2
156,192,0,8.99,4.0,2
157,134,0,13.49,4.0,2
158,192,0,13.99,3.5,2
159,3,0,29.99,4.5,2
160,191,0,24.99,5.0,2
161,28,0,14.99,4.5,2
162,19,0,19.99,4.5,2
163,116,0,19.99,4.5,2
164,130,0,15.99,3.5,2
165,59,0,34.99,3.0,2
166,116,0,29.99,4.5,2
167,134,0,11.99,5.0,2
168,58,0,12.99,5.0,2
169,64,0,15.99,5.0,2
170,191,0,11.99,5.0,2
171,185,0,15.99,4.5,2
172,130,0,21.99,4.5,2
173,120,0,17.99,4.5,2
174,130,0,15.99,4.5,2
175,191,0,12.99,4.5,2
176,130,0,21.99,4.0,2
177,110,0,31.99,4.0,2
178,134,0,41.99,4.5,2
179,191,0,10.99,4.5,2
180,134,0,19.99,4.5,2
181,191,0,15.99,4.5,2
182,110,0,21.99,3.5,2
183,124,0,39.99,5.0,2
184,124,0,29.99,4.5,2
185,201,0,8.79,4.5,2
186,47,0,13.49,3.5,2
187,201,0,13.49,4.5,2
188,201,0,24.99,4.5,2
189,53,0,49.99,3.5,2
190,110,0,10.99,4.5,2
191,110,0,12.89,4.5,2
192,83,0,18.99,4.5,2
193,51,0,7.99,3.5,2
194,112,0,29.99,4.5,2
195,63,0,11.99,4.5,2
196,63,0,13.49,4.5,2
197,110,0,26.49,4.5,2
198,51,0,7.99,3.0,2
199,136,0,8.99,4.5,2
200,112,0,15.99,4.5,2
201,112,0,15.99,4.5,2
202,112,0,15.99,4.0,2
203,112,0,15.99,4.0,2
204,134,0,11.49,4.5,2
205,51,0,7.99,3.5,2
206,110,0,12.99,4.5,2
207,110,0,23.99,4.5,2
208,121,0,26.99,4.5,2
209,148,0,18.99,4.5,2
210,116,0,12.99,4.5,2
211,112,0,15.49,4.5,2
212,121,0,19.99,4.5,2
213,121,0,19.99,4.5,2
214,21,0,16.49,4.5,2
215,112,0,15.99,4.5,2
216,110,0,21.99,4.5,2
217,19,0,12.99,4.5,2
218,191,0,13.99,4.5,2
219,112,0,19.99,4.5,2
220,110,0,13.99,4.5,2
221,185,0,15.99,4.5,2
222,154,0,22.99,4.5,2
223,134,0,26.99,4.5,2
224,185,0,15.99,4.5,2
225,154,0,15.99,4.5,2
226,51,0,7.99,4.5,2
227,121,0,59.99,4.5,3
228,77,0,14.99,4.5,2
229,148,0,14.99,4.5,2
230,61,0,18.99,5.0,2
231,116,0,9.99,4.0,2
232,121,0,54.99,4.5,3
233,197,0,11.99,3.5,2
234,134,0,37.99,4.5,2
235,31,0,23.99,4.5,2
236,134,0,13.49,4.5,2
237,19,0,14.99,4.5,2
238,19,0,12.99,4.5,2
239,187,0,29.99,4.0,2
240,191,0,17.49,3.5,2
241,191,0,15.99,1.5,2
242,148,0,32.99,4.5,2
243,113,0,9.49,4.0,2
244,121,0,68.99,4.0,3
245,112,0,9.99,4.5,2
246,185,0,7.99,4.5,2
247,121,0,41.99,4.5,2
248,3,0,17.99,4.0,2
249,3,0,16.99,4.0,2
250,3,0,16.99,5.0,2
251,121,0,46.49,4.5,2
252,116,0,16.99,5.0,2
253,201,0,17.99,4.0,2
254,121,0,53.99,4.5,3
255,121,0,46.49,4.5,2
256,121,0,21.99,4.5,2
257,116,0,21.33,4.0,2
258,154,0,18.99,5.0,2
259,116,0,16.49,3.5,2
260,121,0,51.99,4.5,3
261,148,0,29.99,4.0,2
262,51,0,16.99,4.5,2
263,116,0,11.99,4.5,2
264,121,0,53.99,4.5,3
265,3,0,14.99,4.5,2
266,77,0,24.99,4.5,2
267,74,0,9.99,4.5,2
268,3,0,11.99,4.5,2
269,74,0,26.99,5.0,2
270,29,0,18.99,4.5,2
271,191,0,19.99,5.0,2
272,58,0,12.99,5.0,2
273,191,0,24.99,5.0,2
274,134,0,22.99,4.5,2
275,134,0,22.99,4.5,2
276,19,0,15.49,4.5,2
277,75,0,15.49,4.5,2
278,19,0,14.99,4.5,2
279,189,0,12.99,4.5,2
280,191,0,19.99,4.5,2
281,154,0,26.99,4.0,2
282,121,0,27.99,4.0,2
283,61,0,17.99,4.0,2
284,29,0,9.99,4.0,2
285,64,0,15.99,4.0,2
286,191,0,11.99,4.0,2
287,191,0,13.49,2.5,2
288,3,0,29.99,4.5,2
289,3,0,21.99,3.5,2
290,149,0,20.99,4.5,2
291,116,0,29.99,4.5,2
292,154,0,12.99,3.5,2
293,134,0,31.83,4.0,2
294,121,0,52.49,4.5,3
295,149,0,29.99,5.0,2
296,112,0,27.99,4.0,2
297,191,0,9.99,5.0,2
298,156,0,16.99,5.0,2
299,97,0,11.99,5.0,2
300,64,0,19.99,5.0,2
301,97,0,11.49,5.0,2
302,75,0,14.99,4.5,2
303,19,0,21.82,4.5,2
304,121,0,36.99,4.5,2
305,189,0,11.99,4.5,2
306,121,0,16.77,4.5,2
307,19,0,15.99,4.5,2
308,110,0,26.99,4.5,2
309,189,0,12.99,4.5,2
310,187,0,29.99,4.5,2
311,121,0,26.99,4.5,2
312,121,0,36.99,4.5,2
313,121,0,36.99,4.5,2
314,61,0,17.99,4.5,2
315,64,0,19.99,4.5,2
2115,191,0,13.99,4.0,2
2116,191,0,14.99,4.5,2
2117,191,0,15.99,4.5,2
2118,110,0,13.99,4.6,2
2119,110,0,13.99,4.5,2
2120,191,0,15.99,4.5,2
2121,191,0,11.49,4.0,2
2122,191,0,11.99,4.5,2
2123,19,0,11.99,4.5,2
2124,19,0,21.99,4.5,2
2125,110,0,26.99,4.5,2
2126,191,0,7.99,4.5,2
2127,113,0,12.99,4.5,2
2128,113,0,14.99,4.5,2
2129,191,0,15.99,4.0,2
2130,110,0,13.99,4.5,2
2131,19,0,11.99,4.5,2
2132,19,0,19.99,4.6,2
2133,185,0,15.99,4.5,2
2134,20,0,9.99,4.5,2
2135,134,0,13.49,4.5,2
2136,185,0,13.99,4.5,2
2137,185,0,15.99,4.5,2
2138,112,0,13.99,4.5,2
2139,51,0,7.99,4.5,2
2140,134,0,18.99,4.5,2
2141,134,0,18.99,4.5,2
2142,83,0,18.99,4.5,2
2143,130,0,15.99,4.5,2
2144,136,0,8.99,4.5,2
2145,134,0,11.99,4.5,2
2146,2,0,16.99,4.5,2
2147,112,0,29.99,4.5,2
2148,191,0,11.49,4.5,2
2149,185,0,15.99,4.5,2
2150,130,0,14.99,4.5,2
2151,136,0,13.49,4.5,2
2152,19,0,11.49,4.5,2
2153,134,0,11.99,4.5,2
2154,19,0,14.99,4.5,2
2155,191,0,13.99,4.5,2
2156,136,0,13.49,4.5,2
2157,134,0,11.99,4.0,2
2158,113,0,21.99,4.0,2
2159,173,0,15.99,4.5,2
2160,149,0,29.99,4.0,2
2161,135,0,17.99,4.5,2
2162,191,0,29.99,4.5,2
2163,3,0,12.99,4.5,2
2164,191,0,11.99,4.0,2
2165,191,0,19.99,4.5,2
2166,130,0,15.99,4.0,2
2167,191,0,7.99,4.5,2
2168,191,0,5.49,4.5,2
2169,116,0,12.99,4.5,2
2170,191,0,11.99,5.0,2
2171,191,0,13.99,5.0,2
2172,112,0,38.99,5.0,2
2173,191,0,19.99,5.0,2
2174,19,0,11.99,4.5,2
2175,19,0,14.99,4.5,2
2176,134,0,38.99,4.5,2
2177,19,0,19.99,4.5,2
2178,19,0,14.99,4.5,2
2179,191,0,13.99,4.0,2
2180,191,0,14.99,4.5,2
2181,191,0,15.99,4.5,2
2182,110,0,13.99,4.6,2
2183,110,0,13.99,4.5,2
2184,191,0,15.99,4.5,2
2185,191,0,11.49,4.0,2
2186,191,0,11.99,4.5,2
2187,19,0,11.99,4.5,2
2188,19,0,21.99,4.5,2
2189,110,0,26.99,4.5,2
2190,191,0,7.99,4.5,2
2191,113,0,12.99,4.5,2
2192,113,0,14.99,4.5,2
2193,191,0,15.99,4.0,2
2194,110,0,13.99,4.5,2
2195,19,0,11.99,4.5,2
2196,19,0,19.99,4.6,2
2197,185,0,15.99,4.5,2
2198,20,0,9.99,4.5,2
2199,134,0,13.49,4.5,2
2200,185,0,13.99,4.5,2
2201,185,0,15.99,4.5,2
2202,112,0,13.99,4.5,2
2203,51,0,7.99,4.5,2
2204,134,0,18.99,4.5,2
2205,134,0,18.99,4.5,2
2206,83,0,18.99,4.5,2
2207,130,0,15.99,4.5,2
2208,136,0,8.99,4.5,2
2209,134,0,11.99,4.5,2
2210,2,0,16.99,4.5,2
2211,112,0,29.99,4.5,2
2212,191,0,11.49,4.5,2
2213,185,0,15.99,4.5,2
2214,130,0,14.99,4.5,2
2215,136,0,13.49,4.5,2
2216,19,0,11.49,4.5,2
2217,134,0,11.99,4.5,2
2218,19,0,14.99,4.5,2
2219,191,0,13.99,4.5,2
2220,136,0,13.49,4.5,2
2221,134,0,11.99,4.0,2
2222,113,0,21.99,4.0,2
2223,173,0,15.99,4.5,2
2224,149,0,29.99,4.0,2
2225,135,0,17.99,4.5,2
2226,191,0,29.99,4.5,2
2227,3,0,12.99,4.5,2
2228,191,0,11.99,4.0,2
2229,191,0,19.99,4.5,2
2230,130,0,15.99,4.0,2
2231,191,0,7.99,4.5,2
2232,191,0,5.49,4.5,2
2233,116,0,12.99,4.5,2
2234,191,0,11.99,5.0,2
2235,191,0,13.99,5.0,2
2236,112,0,38.99,5.0,2
2237,191,0,19.99,5.0,2
2238,19,0,11.99,4.5,2
2239,19,0,14.99,4.5,2
2240,134,0,38.99,4.5,2
2241,19,0,19.99,4.5,2
2242,19,0,14.99,4.5,2
2243,100,0,11.99,4.5,2
2244,61,0,24.99,4.5,2
2245,191,0,11.99,4.5,2
2246,110,0,13.99,4.6,2
2247,191,0,14.99,4.5,2
2248,191,0,11.49,4.5,2
2249,191,0,13.99,4.5,2
2250,112,0,19.99,4.0,2
2251,112,0,22.99,4.0,2
2252,64,0,15.99,4.0,2
2253,19,0,14.99,4.0,2
2254,19,0,21.99,4.5,2
2255,139,0,29.99,4.0,2
2256,191,0,11.99,4.0,2
2257,7,0,39.99,4.5,2
2258,134,0,11.99,4.0,2
2259,19,0,19.99,4.6,2
2260,116,0,12.99,4.5,2
2261,191,0,11.99,5.0,2
2262,191,0,19.99,5.0,2
2263,19,0,22.99,4.5,2
2264,19,0,14.99,4.5,2
2265,191,0,18.99,4.5,2
2266,192,0,13.99,4.5,2
2267,19,0,19.99,4.0,2
2268,192,0,8.99,4.0,2
2269,134,0,13.49,4.0,2
2270,192,0,13.99,3.5,2
2271,3,0,29.99,4.5,2
2272,191,0,24.99,5.0,2
2273,28,0,14.99,4.5,2
2274,19,0,19.99,4.5,2
2275,116,0,19.99,4.5,2
2276,130,0,15.99,3.5,2
2277,59,0,34.99,3.0,2
2278,116,0,29.99,4.5,2
2279,134,0,11.99,5.0,2
2280,58,0,12.99,5.0,2
2281,64,0,15.99,5.0,2
2282,191,0,11.99,5.0,2
2283,185,0,15.99,4.5,2
2284,130,0,21.99,4.5,2
2285,120,0,17.99,4.5,2
2286,130,0,15.99,4.5,2
2287,191,0,12.99,4.5,2
2288,130,0,21.99,4.0,2
2289,110,0,31.99,4.0,2
2290,134,0,41.99,4.5,2
2291,191,0,10.99,4.5,2
2292,134,0,19.99,4.5,2
2293,191,0,15.99,4.5,2
2294,110,0,21.99,3.5,2
2295,124,0,39.99,5.0,2
2296,124,0,29.99,4.5,2
2297,201,0,8.79,4.5,2
2298,47,0,13.49,3.5,2
2299,201,0,13.49,4.5,2
2300,201,0,24.99,4.5,2
2301,53,0,49.99,3.5,2
2302,110,0,10.99,4.5,2
2303,110,0,12.89,4.5,2
2304,83,0,18.99,4.5,2
2305,51,0,7.99,3.5,2
2306,112,0,29.99,4.5,2
2307,63,0,11.99,4.5,2
2308,63,0,13.49,4.5,2
2309,110,0,26.49,4.5,2
2310,51,0,7.99,3.0,2
2311,136,0,8.99,4.5,2
2312,112,0,15.99,4.5,2
2313,112,0,15.99,4.5,2
2314,112,0,15.99,4.0,2
2315,112,0,15.99,4.0,2
2316,134,0,11.49,4.5,2
2317,51,0,7.99,3.5,2
2318,110,0,12.99,4.5,2
2319,110,0,23.99,4.5,2
2320,121,0,26.99,4.5,2
2321,148,0,18.99,4.5,2
2322,116,0,12.99,4.5,2
2323,112,0,15.49,4.5,2
2324,121,0,19.99,4.5,2
2325,121,0,19.99,4.5,2
2326,21,0,16.49,4.5,2
2327,112,0,15.99,4.5,2
2328,110,0,21.99,4.5,2
2329,19,0,12.99,4.5,2
2330,191,0,13.99,4.5,2
2331,112,0,19.99,4.5,2
2332,110,0,13.99,4.5,2
2333,185,0,15.99,4.5,2
2334,154,0,22.99,4.5,2
2335,134,0,26.99,4.5,2
2336,185,0,15.99,4.5,2
2337,154,0,15.99,4.5,2
2338,51,0,7.99,4.5,2
2339,121,0,59.99,4.5,3
2340,77,0,14.99,4.5,2
2341,148,0,14.99,4.5,2
2342,61,0,18.99,5.0,2
2343,116,0,9.99,4.0,2
2344,121,0,54.99,4.5,3
2345,197,0,11.99,3.5,2
2346,134,0,37.99,4.5,2
2347,31,0,23.99,4.5,2
2348,134,0,13.49,4.5,2
2349,19,0,14.99,4.5,2
2350,19,0,12.99,4.5,2
2351,187,0,29.99,4.0,2
2352,191,0,17.49,3.5,2
2353,191,0,15.99,1.5,2
2354,148,0,32.99,4.5,2
2355,113,0,9.49,4.0,2
2356,121,0,68.99,4.0,3
2357,112,0,9.99,4.5,2
2358,185,0,7.99,4.5,2
2359,121,0,41.99,4.5,2
2360,3,0,17.99,4.0,2
2361,3,0,16.99,4.0,2
2362,3,0,16.99,5.0,2
2363,121,0,46.49,4.5,2
2364,116,0,16.99,5.0,2
2365,201,0,17.99,4.0,2
2366,121,0,53.99,4.5,3
2367,121,0,46.49,4.5,2
2368,121,0,21.99,4.5,2
2369,116,0,21.33,4.0,2
2370,154,0,18.99,5.0,2
2371,116,0,16.49,3.5,2
2372,121,0,51.99,4.5,3
2373,148,0,29.99,4.0,2
2374,51,0,16.99,4.5,2
2375,116,0,11.99,4.5,2
2376,121,0,53.99,4.5,3
2377,3,0,14.99,4.5,2
2378,77,0,24.99,4.5,2
2379,74,0,9.99,4.5,2
2380,3,0,11.99,4.5,2
2381,74,0,26.99,5.0,2
2382,29,0,18.99,4.5,2
2383,191,0,19.99,5.0,2
2384,58,0,12.99,5.0,2
2385,191,0,24.99,5.0,2
2386,134,0,22.99,4.5,2
2387,134,0,22.99,4.5,2
2388,19,0,15.49,4.5,2
2389,75,0,15.49,4.5,2
2390,19,0,14.99,4.5,2
2391,189,0,12.99,4.5,2
2392,191,0,19.99,4.5,2
2393,154,0,26.99,4.0,2
2394,121,0,27.99,4.0,2
2395,61,0,17.99,4.0,2
2396,29,0,9.99,4.0,2
2397,64,0,15.99,4.0,2
2398,191,0,11.99,4.0,2
2399,191,0,13.49,2.5,2
2400,3,0,29.99,4.5,2
2401,3,0,21.99,3.5,2
2402,149,0,20.99,4.5,2
2403,116,0,29.99,4.5,2
2404,154,0,12.99,3.5,2
2405,134,0,31.83,4.0,2
2406,121,0,52.49,4.5,3
2407,149,0,29.99,5.0,2
2408,112,0,27.99,4.0,2
2409,191,0,9.99,5.0,2
2410,156,0,16.99,5.0,2
2411,97,0,11.99,5.0,2
2412,64,0,19.99,5.0,2
2413,97,0,11.49,5.0,2
2414,75,0,14.99,4.5,2
2415,19,0,21.82,4.5,2
2416,121,0,36.99,4.5,2
2417,189,0,11.99,4.5,2
2418,121,0,16.77,4.5,2
2419,19,0,15.99,4.5,2
2420,110,0,26.99,4.5,2
2421,189,0,12.99,4.5,2
2422,187,0,29.99,4.5,2
2423,121,0,26.99,4.5,2
2424,121,0,36.99,4.5,2
2425,121,0,36.99,4.5,2
2426,61,0,17.99,4.5,2
2427,64,0,19.99,4.5,2
4224,85,1,19.13,4.7,1
4225,16,1,12.0,4.7,1
4226,85,1,18.38,4.8,1
4227,0,1,12.01,4.7,1
4228,116,1,16.2,4.6,1
4229,116,1,18.0,4.6,1
4230,103,1,13.59,4.7,1
4231,85,1,18.38,4.8,1
4232,16,1,38.0,4.7,3
4233,0,1,10.7,4.6,1
4234,174,1,7.99,4.7,1
4235,85,1,10.69,4.7,1
4236,116,1,11.01,4.8,1
4237,155,1,48.99,4.7,3
4238,85,1,28.5,4.5,1
4239,155,1,22.99,4.8,1
4240,103,1,23.45,4.7,1
4241,34,1,18.36,4.5,1
4242,40,1,11.47,4.6,1
4243,106,1,36.15,4.8,3
4244,117,1,17.77,4.8,1
4245,137,1,22.64,4.7,1
4246,116,1,11.92,4.7,1
4247,16,1,12.0,4.6,1
4248,165,1,13.0,4.7,1
4249,165,1,19.0,4.8,1
4250,0,1,6.21,4.7,1
4251,168,1,43.19,4.5,3
4252,155,1,25.49,4.7,1
4253,69,1,8.0,4.4,1
4254,116,1,20.33,4.6,1
4255,85,1,9.94,4.8,1
4256,106,1,17.53,4.8,1
4257,116,1,11.01,4.8,1
4258,148,1,33.46,4.6,3
4259,137,1,14.48,4.9,1
4260,116,1,11.01,4.7,1
4261,0,1,8.01,4.7,1
4262,33,1,8.14,4.6,1
4263,80,1,34.99,4.4,3
4264,116,1,11.01,4.8,1
4265,6,1,14.99,4.7,1
4266,148,1,30.99,4.6,3
4267,85,1,19.13,4.7,1
4268,16,1,12.0,4.7,1
4269,85,1,18.38,4.8,1
4270,0,1,12.01,4.7,1
4271,116,1,16.2,4.6,1
4272,116,1,18.0,4.6,1
4273,103,1,13.59,4.7,1
4274,85,1,18.38,4.8,1
4275,16,1,38.0,4.7,3
4276,0,1,10.7,4.6,1
4277,174,1,7.99,4.7,1
4278,85,1,10.69,4.7,1
4279,116,1,11.01,4.8,1
4280,155,1,48.99,4.7,3
4281,85,1,28.5,4.5,1
4282,155,1,22.99,4.8,1
4283,103,1,23.45,4.7,1
4284,34,1,18.36,4.5,1
4285,40,1,11.47,4.6,1
4286,106,1,36.15,4.8,3
4287,117,1,17.77,4.8,1
4288,137,1,22.64,4.7,1
4289,116,1,11.92,4.7,1
4290,16,1,12.0,4.6,1
4291,165,1,13.0,4.7,1
4292,165,1,19.0,4.8,1
4293,0,1,6.21,4.7,1
4294,168,1,43.19,4.5,3
4295,155,1,25.49,4.7,1
4296,69,1,8.0,4.4,1
4297,116,1,20.33,4.6,1
4298,85,1,9.94,4.8,1
4299,106,1,17.53,4.8,1
4300,116,1,11.01,4.8,1
4301,148,1,33.46,4.6,3
4302,137,1,14.48,4.9,1
4303,116,1,11.01,4.7,1
4304,0,1,8.01,4.7,1
4305,33,1,8.14,4.6,1
4306,80,1,34.99,4.4,3
4307,116,1,11.01,4.8,1
4308,6,1,14.99,4.7,1
4309,148,1,30.99,4.6,3
4310,0,1,8.91,4.8,1
4311,165,1,7.0,4.6,1
4312,179,1,8.1,4.8,1
4313,106,1,22.53,4.7,1
4314,98,1,55.99,4.7,3
4315,98,1,30.99,4.8,3
4316,137,1,16.02,4.8,1
4317,116,1,18.0,4.7,1
4318,175,1,48.0,4.7,3
4319,137,1,12.95,4.6,1
4320,0,1,8.01,4.8,1
4321,116,1,11.01,4.8,1
4322,148,1,24.14,4.6,1
4323,104,1,46.95,4.8,3
4324,16,1,8.0,4.8,1
4325,116,1,36.31,4.4,3
4326,148,1,18.12,4.6,1
4327,175,1,48.0,4.7,3
4328,118,1,37.91,4.8,3
4329,56,1,16.45,4.6,1
4330,106,1,15.82,4.7,1
4331,124,1,49.99,4.4,3
4332,116,1,18.16,4.6,1
4333,190,1,16.0,4.8,1
4334,137,1,11.65,4.8,1
4335,180,1,9.11,4.7,1
4336,121,1,28.32,4.6,1
4337,165,1,11.0,4.8,1
4338,106,1,30.68,4.8,3
4339,17,1,29.33,4.7,3
4340,121,1,19.97,4.6,1
4341,148,1,40.31,4.6,3
4342,152,1,32.95,4.8,3
4343,0,1,8.01,4.8,1
4344,165,1,19.0,4.7,1
4345,0,1,6.21,4.7,1
4346,91,1,17.99,4.8,1
4347,98,1,30.99,4.7,3
4348,116,1,11.61,4.7,1
4349,98,1,55.99,4.8,3
4350,0,1,8.01,4.7,1
4351,190,1,14.4,4.8,1
4352,106,1,17.03,4.7,1
4353,148,1,40.31,4.6,3
4354,116,1,8.27,4.7,1
4355,0,1,12.01,4.7,1
4356,127,1,25.99,4.9,1
4357,168,1,43.19,4.6,3
4358,0,1,8.91,4.8,1
4359,0,1,10.7,4.6,1
4360,179,1,30.0,4.8,1
4361,26,1,34.99,4.8,3
4362,179,1,27.0,4.7,1
4363,106,1,11.56,4.7,1
4364,0,1,10.7,4.6,1
4365,104,1,28.95,4.8,1
4366,137,1,21.6,4.6,1
4367,16,1,12.0,4.7,1
4368,122,1,19.51,4.7,1
4369,22,1,15.96,4.8,1
4370,122,1,19.51,4.7,1
4371,165,1,45.0,4.7,3
4372,26,1,29.99,4.9,3
4373,118,1,24.35,4.8,1
4374,148,1,24.14,4.6,1
4375,0,1,5.36,4.8,1
4376,33,1,13.25,4.7,1
4377,155,1,15.99,4.7,1
4378,116,1,13.86,4.8,1
4379,0,1,7.11,4.8,1
4380,26,1,34.99,4.7,3
4381,81,1,22.5,4.8,1
4382,116,1,10.59,4.6,1
4383,0,1,8.91,4.8,1
4384,116,1,36.31,4.6,3
4385,116,1,15.9,4.6,1
4386,0,1,7.11,4.7,1
4387,168,1,15.0,4.6,1
4388,116,1,12.58,4.7,1
4389,165,1,14.0,4.7,1
4390,116,1,22.35,4.7,1
4391,38,1,23.39,4.7,1
4392,104,1,28.95,4.8,1
4393,109,1,13.97,4.7,1
4394,56,1,5.0,4.6,1
4395,183,1,7.93,4.7,1
4396,33,1,13.25,4.6,1
4397,165,1,10.0,4.7,1
4398,116,1,19.6,4.6,1
4399,175,1,68.0,4.8,3
4400,116,1,13.86,4.7,1
4401,123,1,24.85,4.7,1
4402,137,1,11.97,4.8,1
4403,165,1,10.0,4.7,1
4404,178,1,11.05,4.7,1
4405,116,1,18.0,4.7,1
4406,30,1,28.49,4.6,3
4407,175,1,30.0,4.8,1
4408,109,1,11.87,4.7,1
4409,148,1,17.99,4.7,1
4410,174,1,8.49,4.6,1
4411,106,1,19.47,4.7,1
4412,148,1,33.46,4.5,3
4413,106,1,30.43,4.7,3
4414,148,1,15.73,4.4,1
4415,155,1,13.49,4.7,1
4416,155,1,11.89,4.8,1
4417,106,1,26.79,4.7,1
4418,54,1,31.86,4.6,3
4419,165,1,19.0,4.6,1
4420,0,1,8.91,4.7,1
4421,106,1,18.25,4.8,1
4422,83,1,6.55,4.8,1
4423,1,1,12.99,4.7,1
4424,183,1,7.93,4.8,1
4425,198,1,9.76,4.7,1
4426,165,1,10.0,4.7,1
4427,68,1,8.5,4.7,1
4428,175,1,72.0,4.7,3
4429,148,1,12.58,4.7,1
4430,148,1,21.0,4.5,1
4431,116,1,16.2,4.7,1
4432,98,1,26.99,4.8,1
4433,165,1,10.0,4.7,1
4434,104,1,34.95,4.8,3
4435,116,1,9.58,4.6,1
4436,104,1,24.95,4.8,1
4437,104,1,44.95,4.6,3
4438,98,1,30.99,4.8,3
4439,165,1,22.0,4.7,1
4440,97,1,5.81,4.6,1
4441,68,1,10.12,4.6,1
4442,165,1,11.0,4.7,1
4443,116,1,11.62,4.6,1
4444,141,1,23.99,4.7,1
4445,109,1,30.07,4.7,3
4446,198,1,9.76,4.8,1
4447,98,1,50.99,4.8,3
4448,98,1,50.99,4.8,3
4449,165,1,23.0,4.4,1
4450,152,1,29.95,3.4,3
4451,137,1,14.42,4.7,1
4452,97,1,11.73,4.8,1
4453,172,1,9.99,4.8,1
4454,109,1,17.47,4.8,1
4455,199,1,25.97,4.8,1
4456,116,1,13.24,4.6,1
4457,106,1,18.25,4.8,1
4458,116,1,13.24,4.7,1
4459,165,1,19.0,4.6,1
4460,106,1,17.52,4.8,1
4461,104,1,21.95,4.8,1
4462,179,1,30.0,4.7,1
4463,165,1,19.0,4.6,1
4464,62,1,36.99,4.6,3
4465,157,1,10.0,4.4,1
4466,61,1,30.09,4.8,3
4467,51,1,16.66,4.8,1
4468,116,1,10.64,4.7,1
4469,165,1,20.7,4.6,1
4470,141,1,8.84,4.7,1
4471,155,1,41.99,4.7,3
4472,165,1,22.0,4.7,1
4473,116,1,9.36,4.9,1
4474,198,1,10.9,4.7,1
4475,156,1,40.78,4.7,3
4476,165,1,22.0,4.7,1
4477,61,1,23.09,4.7,1
4478,106,1,27.39,4.7,1
4479,61,1,64.39,4.8,3
4480,97,1,7.02,4.7,1
4481,83,1,16.76,4.8,1
4482,81,1,20.0,4.8,1
4483,106,1,29.21,4.8,1
4484,55,1,14.99,4.5,1
4485,61,1,60.89,4.7,3
4486,122,1,33.96,4.8,3
4487,98,1,55.99,4.7,3
4488,40,1,18.99,4.8,1
4489,33,1,16.32,4.8,1
4490,61,1,34.29,4.8,3
4491,156,1,32.05,4.7,3
4492,169,1,8.93,4.7,1
4493,98,1,30.99,4.7,3
4494,141,1,19.99,4.7,1
4495,109,1,22.37,4.7,1
4496,16,1,4.5,4.8,1
4497,121,1,24.62,4.8,1
4498,61,1,64.39,4.7,3
4499,16,1,6.0,4.7,1
4500,156,1,30.89,4.8,3
4501,61,1,34.29,4.8,3
4502,184,1,16.0,4.7,1
4503,118,1,19.34,4.8,1
4504,121,1,55.42,4.8,3
4505,116,1,8.3,4.8,1
4506,112,1,12.01,4.7,1
4507,68,1,8.42,4.8,1
4508,106,1,18.34,4.6,1
4509,16,1,4.0,4.9,1
4510,16,1,5.0,4.9,1
4511,152,1,59.95,-1.0,0
4512,97,1,3.51,5.0,1
4513,118,1,21.08,4.8,1
4514,199,1,29.22,5.0,1
4515,73,1,16.97,-1.0,0
4516,199,1,29.22,4.9,1
4517,199,1,29.22,5.0,1
4518,199,1,29.22,5.0,1
4519,116,1,20.06,5.0,1
4520,152,1,32.95,-1.0,0
4521,121,1,19.97,4.7,1
4522,121,1,17.97,4.7,1
4523,92,1,24.04,-1.0,0
4524,115,1,16.7,-1.0,0
4525,121,1,24.97,-1.0,0
4526,16,1,17.0,4.8,1
4527,96,1,22.95,4.8,1
4528,116,1,16.4,4.7,1
4529,76,1,67.49,4.7,3
4530,38,1,18.19,4.8,1
4531,167,1,10.99,5.0,1
4532,148,1,55.77,4.5,3
4533,118,1,48.15,4.4,3
4534,121,1,50.37,-1.0,0
4535,152,1,72.95,-1.0,0
4536,98,1,26.99,4.9,1
4537,118,1,24.95,4.4,1
4538,97,1,9.44,-1.0,0
4539,148,1,15.73,4.6,1
4540,76,1,67.49,4.6,3
4541,116,1,35.71,4.9,3
4542,98,1,46.99,4.8,3
4543,116,1,35.71,4.8,3
4544,155,1,32.99,4.8,3
4545,98,1,21.99,4.8,1
4546,121,1,40.8,4.7,3
4547,98,1,46.99,4.8,3
4548,98,1,37.99,4.8,3
4549,137,1,11.65,4.8,1
4550,167,1,5.28,4.8,1
4551,116,1,20.06,4.8,1
4552,137,1,11.87,4.8,1
4553,121,1,47.85,4.8,3
4554,100,1,19.99,4.8,1
4555,121,1,51.63,4.6,3
4556,116,1,18.54,4.7,1
4557,100,1,19.99,4.8,1
4558,61,1,16.79,4.8,1
4559,104,1,21.95,4.8,1
4560,121,1,20.98,4.6,1
4561,22,1,15.88,4.8,1
4562,148,1,18.12,4.7,1
4563,148,1,31.37,4.7,3
4564,148,1,18.13,4.9,1
4565,148,1,31.37,4.9,3
4566,81,1,25.5,4.8,1
4567,121,1,32.73,4.8,3
4568,121,1,51.63,4.8,3
4569,97,1,12.05,5.0,1
4570,98,1,46.99,4.8,3
4571,98,1,55.99,4.8,3
4572,50,1,17.95,4.8,1
4573,98,1,37.99,4.8,3
4574,98,1,21.99,4.7,1
4575,104,1,59.95,-1.0,0
4576,104,1,59.95,5.0,3
4577,121,1,42.81,4.6,3
4578,116,1,16.32,4.8,1
4579,102,1,19.49,4.1,1
4580,116,1,18.64,4.6,1
4581,155,1,32.99,4.8,3
4582,165,1,14.0,4.7,1
4583,167,1,14.48,4.8,1
4584,116,1,9.36,4.6,1
4585,158,1,41.45,4.7,3
4586,116,1,14.55,5.0,1
4587,97,1,8.99,-1.0,0
4588,108,1,7.78,4.8,1
4589,145,1,54.61,4.7,3
4590,104,1,39.95,5.0,3
4591,104,1,39.95,4.8,3
4592,122,1,22.91,4.8,1
4593,121,1,24.97,5.0,1
4594,76,1,59.99,4.7,3
4595,145,1,54.61,4.7,3
4596,116,1,18.54,4.7,1
4597,116,1,18.16,4.7,1
4598,104,1,46.95,4.7,3
4599,118,1,24.95,3.7,1
4600,118,1,17.72,4.7,1
4601,40,1,9.99,4.8,1
4602,37,1,52.77,4.7,3
4603,116,1,16.32,5.0,1
4604,137,1,9.32,4.8,1
4605,116,1,18.3,4.4,1
4606,116,1,11.61,4.5,1
4607,137,1,22.64,4.9,1
4608,96,1,29.95,5.0,3
4609,116,1,10.64,4.6,1
4610,61,1,14.69,4.5,1
4611,1,1,12.99,4.8,1
4612,117,1,13.77,4.7,1
4613,16,1,30.0,4.7,3
4614,96,1,44.95,4.7,3
4615,51,1,16.66,4.8,1
4616,165,1,22.0,4.7,1
4617,152,1,32.95,5.0,3
4618,121,1,41.1,4.8,3
4619,104,1,39.95,4.7,3
4620,33,1,16.32,4.9,1
4621,79,1,39.99,4.8,3
4622,121,1,36.94,4.8,3
4623,0,1,22.27,4.8,1
4624,121,1,24.62,4.8,1
4625,121,1,36.94,4.8,3
4626,121,1,42.72,4.8,3
4627,61,1,64.39,4.8,3
4628,116,1,18.64,4.6,1
4629,155,1,32.99,4.8,3
4630,165,1,14.0,4.7,1
4631,167,1,14.48,4.8,1
4632,116,1,9.36,4.6,1
4633,158,1,41.45,4.7,3
4634,116,1,14.55,5.0,1
4635,97,1,8.99,-1.0,0
4636,108,1,7.78,4.8,1
4637,145,1,54.61,4.7,3
4638,104,1,39.95,5.0,3
4639,104,1,39.95,4.8,3
4640,122,1,22.91,4.8,1
4641,121,1,24.97,5.0,1
4642,76,1,59.99,4.7,3
4643,145,1,54.61,4.7,3
4644,116,1,18.54,4.7,1
4645,116,1,18.16,4.7,1
4646,104,1,46.95,4.7,3
4647,118,1,24.95,3.7,1
4648,118,1,17.72,4.7,1
4649,40,1,9.99,4.8,1
4650,37,1,52.77,4.7,3
4651,116,1,16.32,5.0,1
4652,137,1,9.32,4.8,1
4653,116,1,18.3,4.4,1
4654,116,1,11.61,4.5,1
4655,137,1,22.64,4.9,1
4656,96,1,29.95,5.0,3
4657,116,1,10.64,4.6,1
4658,61,1,14.69,4.5,1
4659,1,1,12.99,4.8,1
4660,117,1,13.77,4.7,1
4661,16,1,30.0,4.7,3
4662,96,1,44.95,4.7,3
4663,51,1,16.66,4.8,1
4664,165,1,22.0,4.7,1
4665,152,1,32.95,5.0,3
4666,121,1,41.1,4.8,3
4667,104,1,39.95,4.7,3
4668,33,1,16.32,4.9,1
4669,79,1,39.99,4.8,3
4670,121,1,36.94,4.8,3
4671,0,1,22.27,4.8,1
4672,121,1,24.62,4.8,1
4673,121,1,36.94,4.8,3
4674,121,1,42.72,4.8,3
4675,61,1,64.39,4.8,3
4676,109,1,30.07,4.7,3
4677,98,1,18.99,4.7,1
4678,165,1,36.0,4.5,3
4679,48,1,39.94,4.7,3
4680,48,1,39.94,4.5,3
4681,199,1,14.92,4.8,1
4682,121,1,47.47,4.8,3
4683,116,1,13.24,4.7,1
4684,121,1,60.87,4.8,3
4685,148,1,27.36,4.7,1
4686,148,1,27.36,4.9,1
4687,116,1,10.64,4.7,1
4688,116,1,9.58,4.7,1
4689,121,1,60.87,4.8,3
4690,121,1,76.96,4.8,3
4691,27,1,38.46,4.7,3
4692,184,1,18.0,4.7,1
4693,121,1,76.96,4.8,3
4694,81,1,61.0,4.9,3
4695,137,1,17.66,4.8,1
4696,118,1,19.08,5.0,1
4697,49,1,29.99,-1.0,0
4698,121,1,59.97,-1.0,0
4699,51,1,18.77,4.7,1
4700,198,1,13.6,4.8,1
4701,198,1,9.36,4.8,1
4702,37,1,18.67,4.8,1
4703,121,1,43.1,4.8,3
4704,46,1,14.29,4.7,1
4705,121,1,27.7,4.8,1
4706,109,1,30.07,4.7,3
4707,154,1,18.75,4.5,1
4708,121,1,55.42,4.8,3
4709,121,1,52.29,4.8,3
4710,121,1,30.78,4.8,3
4711,121,1,43.1,4.8,3
4712,116,1,11.79,4.8,1
4713,121,1,63.79,4.8,3
4714,109,1,30.07,4.7,3
4715,31,1,22.39,4.8,1
4716,143,1,48.34,4.7,3
4717,199,1,26.3,4.8,1
4718,118,1,86.87,4.6,3
4719,48,1,39.94,4.7,3
4720,30,1,35.24,4.7,3
4721,198,1,14.99,4.6,1
4722,155,1,49.99,4.5,3
4723,148,1,40.31,4.7,3
4724,148,1,24.14,4.7,1
4725,16,1,30.0,4.7,3
4726,118,1,27.0,4.6,1
4727,57,1,22.5,4.6,1
4728,37,1,54.97,4.8,3
4729,116,1,20.06,4.9,1
4730,118,1,7.1,4.8,1
4731,118,1,21.38,4.8,1
4732,118,1,17.11,4.7,1
4733,203,1,21.0,4.7,1
4734,116,1,13.24,4.7,1
4735,99,1,26.07,4.7,1
4736,99,1,24.76,4.8,1
4737,76,1,37.79,4.8,3
4738,30,1,20.39,4.8,1
4739,104,1,44.95,4.6,3
4740,98,1,30.99,4.6,3
4741,148,1,34.85,4.8,3
4742,30,1,24.89,4.5,1
4743,76,1,74.99,4.8,3
4744,104,1,34.95,4.8,3
4745,109,1,30.07,4.7,3
4746,100,1,9.98,4.7,1
4747,30,1,20.39,-1.0,0
4748,165,1,22.0,4.7,1
4749,148,1,48.79,4.8,3
4750,141,1,8.84,4.7,1
4751,165,1,11.0,4.7,1
4752,141,1,13.99,4.7,1
4753,125,1,16.95,4.8,1
4754,203,1,38.5,4.6,3
4755,79,1,34.99,5.0,3
4756,104,1,21.95,4.8,1
4757,141,1,13.99,4.7,1
4758,31,1,26.15,4.8,1
4759,199,1,20.45,4.9,1
4760,155,1,27.89,4.7,1
4761,79,1,39.99,-1.0,0
4762,118,1,32.09,4.6,3
4763,137,1,19.28,4.8,1
4764,137,1,19.28,4.7,1
4765,48,1,23.99,4.6,1
4766,203,1,21.0,4.4,1
4767,81,1,25.0,4.8,1
4768,104,1,29.95,4.6,3
4769,116,1,21.84,4.6,1
4770,118,1,49.23,4.4,3
4771,137,1,31.68,4.3,3
4772,30,1,20.39,4.7,1
4773,183,1,13.01,4.8,1
4774,143,1,54.83,4.7,3
4775,143,1,54.83,4.8,3
4776,145,1,45.36,4.8,3
4777,118,1,32.86,4.8,3
4778,183,1,14.46,4.7,1
4779,16,1,19.0,4.6,1
4780,61,1,34.29,4.7,3
4781,61,1,34.29,4.7,3
4782,79,1,39.99,5.0,3
4783,155,1,49.99,4.7,3
4784,203,1,21.0,4.7,1
4785,61,1,60.89,4.8,3
4786,55,1,14.99,4.5,1
4787,203,1,38.5,4.7,3
4788,118,1,16.03,4.8,1
4789,35,1,15.19,-1.0,0
4790,118,1,13.56,5.0,1
4791,158,1,13.43,4.4,1
4792,198,1,10.79,4.5,1
4793,162,1,13.81,4.6,1
4794,112,1,10.9,4.7,1
4795,143,1,76.1,4.8,3
4796,104,1,44.95,4.6,3
4797,118,1,35.66,-1.0,0
4798,118,1,62.6,-1.0,0
4799,118,1,19.34,-1.0,0
4800,33,1,15.29,4.7,1
4801,121,1,30.11,4.8,3
4802,118,1,15.34,5.0,1
4803,30,1,28.49,4.8,3
4804,184,1,7.0,4.7,1
4805,118,1,43.76,4.7,3
4806,118,1,27.84,4.8,1
4807,116,1,11.15,4.6,1
4808,165,1,22.0,4.7,1
4809,16,1,50.0,4.6,3
4810,118,1,24.35,4.9,1
4811,156,1,9.26,4.8,1
4812,61,1,13.99,4.7,1
4813,153,1,17.0,4.6,1
4814,156,1,15.44,4.8,1
4815,121,1,47.06,4.8,3
4816,79,1,54.99,-1.0,0
4817,10,1,23.93,-1.0,0
4818,130,1,17.09,5.0,1
4819,121,1,25.99,4.9,1
4820,118,1,13.56,4.9,1
4821,118,1,13.56,4.8,1
4822,98,1,14.99,4.7,1
4823,156,1,13.74,4.7,1
4824,169,1,12.42,4.6,1
4825,162,1,12.01,4.6,1
4826,30,1,23.35,4.3,1
4827,184,1,10.0,4.6,1
4828,184,1,18.0,4.6,1
4829,61,1,60.89,4.8,3
4830,79,1,23.99,4.8,1
4831,46,1,14.29,4.5,1
4832,55,1,14.99,4.5,1
4833,96,1,32.95,4.8,3
4834,118,1,13.56,4.8,1
4835,118,1,12.2,4.8,1
4836,96,1,34.95,5.0,3
4837,118,1,21.91,4.8,1
4838,118,1,24.35,4.9,1
4839,118,1,21.91,4.8,1
4840,35,1,14.39,4.8,1
4841,46,1,14.29,4.7,1
4842,118,1,30.48,4.6,3
4843,37,1,52.77,4.8,3
4844,46,1,14.29,4.6,1
4845,183,1,13.47,4.7,1
4846,162,1,16.47,4.8,1
4847,96,1,44.95,4.7,3
4848,79,1,23.99,-1.0,0
4849,118,1,11.0,4.6,1
4850,165,1,22.0,4.6,1
4851,118,1,13.56,4.9,1
4852,118,1,24.35,4.9,1
4853,118,1,24.35,4.8,1
4854,118,1,15.23,4.8,1
4855,118,1,26.52,4.8,1
4856,46,1,14.29,4.5,1
4857,121,1,30.11,4.8,3
4858,155,1,49.99,4.6,3
4859,155,1,49.99,4.6,3
4860,61,1,60.89,4.7,3
4861,199,1,17.53,4.4,1
4862,66,1,16.97,4.5,1
4863,116,1,29.95,4.3,3
4864,183,1,14.46,4.5,1
4865,112,1,9.49,4.7,1
4866,115,1,12.47,4.6,1
4867,96,1,19.95,5.0,1
4868,118,1,24.35,4.8,1
4869,118,1,64.22,4.8,3
4870,118,1,13.18,4.8,1
4871,118,1,31.29,4.6,3
4872,115,1,13.83,4.9,1
4873,109,1,24.47,4.8,1
4874,142,1,34.0,-1.0,0
4875,61,1,34.29,4.8,3
4876,165,1,45.0,4.5,3
4877,61,1,21.69,4.8,1
4878,118,1,19.34,4.6,1
4879,31,1,33.15,4.8,3
4880,61,1,30.09,4.8,3
4881,121,1,71.67,4.8,3
4882,96,1,26.95,5.0,1
4883,199,1,17.53,4.5,1
4884,33,1,6.51,4.6,1
4885,165,1,63.0,4.3,3
4886,118,1,9.62,4.7,1
4887,37,1,54.97,4.8,3
4888,60,1,37.49,4.8,3
4889,97,1,9.63,3.9,1
4890,118,1,48.71,4.5,3
4891,56,1,29.97,4.6,3
4892,118,1,36.08,4.6,3
4893,104,1,39.95,4.8,3
4894,137,1,16.9,4.9,1
4895,61,1,39.89,3.9,3
4896,96,1,29.95,4.7,3
4897,137,1,13.18,4.6,1
4898,118,1,19.34,-1.0,0
4899,57,1,15.99,4.6,1
4900,118,1,14.62,4.8,1
4901,116,1,7.41,4.8,1
4902,26,1,44.99,3.0,3
4903,0,1,5.36,5.0,1
4904,57,1,29.99,4.6,3
4905,106,1,18.25,4.7,1
4906,115,1,21.61,5.0,1
4907,148,1,33.46,4.6,3
4908,61,1,39.89,4.7,3
4909,61,1,28.97,4.8,3
4910,61,1,39.89,4.8,3
4911,79,1,20.99,4.8,1
4912,137,1,13.18,4.7,1
4913,167,1,6.59,5.0,1
4914,118,1,34.77,4.5,3
4915,140,1,24.99,5.0,1
4916,140,1,24.99,4.6,1
4917,98,1,26.99,4.8,1
4918,61,1,81.19,4.8,3
4919,188,1,15.61,4.8,1
4920,152,1,32.95,4.9,3
4921,97,1,7.53,4.6,1
4922,126,1,31.99,4.8,3
4923,79,1,13.94,4.8,1
4924,46,1,10.88,4.7,1
4925,0,1,7.47,4.5,1
4926,116,1,14.42,4.6,1
4927,122,1,29.71,4.6,3
4928,79,1,25.99,4.7,1
4929,79,1,11.54,4.7,1
4930,85,1,21.0,4.8,1
4931,176,1,16.99,4.3,1
4932,46,1,10.88,4.5,1
4933,14,1,31.0,4.8,3
4934,154,1,18.75,4.6,1
4935,61,1,18.89,5.0,1
4936,106,1,36.52,4.8,3
4937,176,1,21.99,4.8,1
4938,167,1,11.19,4.6,1
4939,112,1,17.55,4.7,1
4940,61,1,18.89,5.0,1
4941,137,1,13.52,4.8,1
4942,143,1,22.37,4.8,1
4943,61,1,18.89,4.5,1
4944,97,1,13.2,-1.0,0
4945,175,1,36.0,4.0,3
4946,114,1,16.49,4.6,1
4947,24,1,24.0,4.8,1
4948,77,1,31.99,4.6,3
4949,167,1,12.49,4.7,1
4950,167,1,22.07,-1.0,0
4951,79,1,17.49,4.7,1
4952,115,1,12.31,5.0,1
4953,61,1,34.29,4.8,3
4954,14,1,55.16,4.4,3
4955,152,1,32.95,4.8,3
4956,61,1,64.39,4.8,3
4957,167,1,9.27,4.6,1
4958,61,1,64.39,4.7,3
4959,61,1,50.39,4.8,3
4960,77,1,17.24,4.6,1
4961,77,1,29.99,4.7,3
4962,106,1,14.6,4.7,1
4963,105,1,44.95,-1.0,0
4964,77,1,22.49,4.6,1
4965,154,1,18.75,4.2,1
4966,131,1,29.99,4.3,3
4967,154,1,18.75,4.6,1
4968,79,1,59.99,-1.0,0
4969,14,1,43.6,4.7,3
4970,30,1,51.74,4.6,3
4971,118,1,28.08,4.7,1
4972,148,1,34.85,4.7,3
4973,61,1,35.69,4.8,3
4974,106,1,18.62,4.8,1
4975,142,1,20.25,-1.0,0
4976,109,1,22.37,4.6,1
4977,154,1,15.0,5.0,1
4978,129,1,6.61,4.6,1
4979,15,1,37.39,4.6,3
4980,186,1,32.09,4.7,3
4981,118,1,19.13,4.6,1
4982,198,1,17.99,4.7,1
4983,198,1,16.99,4.6,1
4984,130,1,12.37,4.8,1
4985,130,1,12.37,4.0,1
4986,167,1,16.75,4.8,1
4987,130,1,12.37,5.0,1
4988,130,1,12.37,5.0,1
4989,130,1,15.9,5.0,1
4990,167,1,28.09,-1.0,0
4991,109,1,27.97,4.8,1
4992,65,1,14.98,3.8,1
4993,118,1,39.59,4.6,3
4994,187,1,17.99,4.4,1
4995,154,1,18.15,-1.0,0
4996,115,1,12.13,4.7,1
4997,65,1,14.98,4.3,1
4998,14,1,13.8,4.9,1
4999,14,1,27.16,4.8,1
5000,36,1,42.46,4.5,3
5001,36,1,42.46,4.4,3
5002,36,1,42.46,4.6,3
5003,36,1,42.46,4.7,3
5004,98,1,14.99,4.8,1
5005,36,1,25.46,4.8,1
5006,98,1,14.99,4.3,1
5007,36,1,42.46,4.9,3
5008,154,1,18.9,5.0,1
5009,12,1,22.61,4.7,1
5010,14,1,35.96,4.8,3
5011,99,1,22.15,4.7,1
5012,198,1,14.99,4.7,1
5013,199,1,25.97,4.8,1
5014,199,1,20.12,4.8,1
5015,182,1,14.99,4.6,1
5016,182,1,15.49,4.6,1
5017,61,1,26.59,4.8,1
5018,158,1,22.0,4.5,1
5019,109,1,27.97,4.7,1
5020,199,1,11.42,4.8,1
5021,118,1,21.99,4.6,1
5022,118,1,28.27,4.7,1
5023,61,1,26.59,4.7,1
5024,45,1,15.81,4.7,1
5025,61,1,26.59,4.7,1
5026,45,1,21.56,4.7,1
5027,45,1,19.4,4.8,1
5028,56,1,22.38,4.4,1
5029,106,1,19.71,4.8,1
5030,158,1,31.68,4.5,3
5031,45,1,25.17,4.8,1
5032,158,1,45.43,4.6,3
5033,158,1,23.45,4.6,1
5034,158,1,59.66,4.5,3
5035,45,1,39.56,4.8,3
5036,45,1,35.96,4.7,3
5037,45,1,39.56,4.7,3
5038,142,1,30.0,3.0,3
5039,142,1,36.0,-1.0,0
5040,25,1,12.26,4.8,1
5041,61,1,26.59,4.7,1
5042,110,1,17.04,4.8,1
5043,110,1,32.33,4.8,3
5044,14,1,31.96,4.8,3
5045,14,1,40.2,4.9,3
5046,14,1,40.2,4.6,3
5047,36,1,25.46,4.8,1
5048,36,1,25.46,4.4,1
5049,109,1,17.47,4.7,1
5050,45,1,22.46,4.7,1
5051,61,1,26.59,4.8,1
5052,167,1,11.89,5.0,1
5053,154,1,27.01,4.7,1
5054,110,1,12.35,4.6,1
5055,109,1,20.27,4.7,1
5056,98,1,55.99,4.9,3
5057,199,1,22.0,4.8,1
5058,61,1,23.93,4.7,1
5059,106,1,32.87,4.8,3
5060,61,1,26.59,4.8,1
5061,130,1,12.37,5.0,1
5062,130,1,15.89,5.0,1
5063,98,1,55.99,4.9,3
5064,30,1,17.77,4.5,1
5065,30,1,34.64,4.5,3
5066,202,1,19.44,4.7,1
5067,154,1,18.01,4.8,1
5068,116,1,9.47,4.6,1
5069,154,1,12.0,4.6,1
5070,154,1,17.63,4.8,1
5071,129,1,6.61,4.6,1
5072,154,1,18.75,4.8,1
5073,167,1,8.39,-1.0,0
5074,154,1,18.01,4.8,1
5075,26,1,39.99,5.0,3
5076,198,1,11.89,2.0,1
5077,167,1,6.73,4.0,1
5078,167,1,14.29,-1.0,0
5079,167,1,13.59,-1.0,0
5080,112,1,14.84,4.8,1
5081,96,1,44.95,4.7,3
5082,164,1,26.97,5.0,1
5083,152,1,42.95,4.5,3
5084,152,1,59.95,4.9,3
5085,175,1,28.0,4.5,1
5086,14,1,27.16,4.8,1
5087,110,1,12.35,4.7,1
5088,56,1,16.07,4.4,1
5089,156,1,18.38,4.8,1
5090,156,1,44.41,4.7,3
5091,110,1,30.09,4.7,3
5092,167,1,6.99,-1.0,0
5093,65,1,14.0,4.9,1
5094,167,1,9.11,4.8,1
5095,156,1,22.01,4.7,1
5096,156,1,40.01,4.8,3
5097,156,1,40.78,4.7,3
5098,156,1,19.92,4.7,1
5099,154,1,22.89,4.7,1
5100,158,1,34.65,4.5,3
5101,154,1,30.01,4.5,1
5102,146,1,31.95,4.7,3
5103,158,1,24.17,4.6,1
5104,158,1,32.92,4.6,3
5105,158,1,17.0,4.6,1
5106,45,1,16.16,4.7,1
5107,158,1,29.22,4.6,1
5108,158,1,21.87,4.6,1
5109,158,1,41.12,4.5,3
5110,158,1,48.82,4.6,3
5111,158,1,32.47,4.6,3
5112,158,1,21.87,4.6,1
5113,199,1,70.18,4.8,3
5114,4,1,87.99,4.3,3
5115,14,1,43.6,4.7,3
5116,142,1,40.0,4.8,3
5117,56,1,17.47,4.5,1
5118,56,1,10.32,4.5,1
5119,199,1,38.97,5.0,3
5120,199,1,61.72,4.8,3
5121,158,1,37.65,4.5,3
5122,14,1,26.36,4.6,1
5123,14,1,13.56,4.6,1
5124,14,1,38.6,4.6,3
5125,36,1,42.46,4.5,3
5126,0,1,6.21,4.7,1
5127,112,1,13.49,4.4,1
5128,145,1,34.81,4.7,3
5129,171,1,24.76,-1.0,0
5130,158,1,34.31,4.6,3
5131,156,1,19.92,4.7,1
5132,156,1,24.32,4.8,1
5133,106,1,18.26,4.6,1
5134,77,1,18.99,4.4,1
5135,106,1,24.34,4.7,1
5136,110,1,13.25,4.2,1
5137,118,1,25.16,-1.0,0
5138,26,1,29.99,4.7,3
5139,67,1,43.82,4.4,3
5140,90,1,24.29,4.8,1
5141,158,1,45.43,4.7,3
5142,202,1,19.44,4.7,1
5143,202,1,19.44,4.7,1
5144,26,1,29.99,4.8,3
5145,202,1,21.6,4.6,1
5146,202,1,19.44,4.7,1
5147,109,1,21.67,4.7,1
5148,116,1,39.51,4.3,3
5149,116,1,10.42,4.7,1
5150,26,1,32.99,4.7,3
5151,118,1,10.54,4.8,1
5152,111,1,14.24,4.7,1
5153,116,1,20.61,4.4,1
5154,111,1,22.49,4.7,1
5155,115,1,8.96,4.7,1
5156,61,1,65.09,4.4,3
5157,116,1,15.82,4.7,1
5158,98,1,32.99,4.7,3
5159,98,1,25.99,4.7,1
5160,116,1,11.1,4.6,1
5161,196,1,29.99,5.0,1
5162,161,1,35.95,-1.0,0
5163,67,1,43.82,4.6,3
5164,162,1,13.81,4.5,1
5165,97,1,6.57,4.5,1
5166,56,1,20.27,4.5,1
5167,85,1,16.5,4.8,1
5168,56,1,19.97,4.3,1
5169,202,1,24.0,-1.0,0
5170,130,1,17.66,3.7,1
5171,116,1,27.72,4.7,1
5172,195,1,31.99,4.7,3
5173,202,1,24.0,-1.0,0
5174,156,1,10.04,4.8,1
5175,112,1,8.36,4.6,1
5176,195,1,31.99,4.8,3
5177,85,1,10.5,4.9,1
5178,115,1,16.17,5.0,1
5179,112,1,18.03,4.6,1
5180,16,1,30.6,4.6,3
5181,156,1,15.44,4.8,1
5182,85,1,10.5,4.9,1
5183,85,1,9.75,4.8,1
5184,156,1,9.26,4.8,1
5185,26,1,39.99,4.6,3
5186,56,1,20.97,4.6,1
5187,56,1,24.47,4.6,1
5188,56,1,25.87,4.4,1
5189,56,1,23.07,4.4,1
5190,85,1,18.0,4.8,1
5191,26,1,27.99,4.7,1
5192,175,1,24.0,4.7,1
5193,55,1,14.99,4.7,1
5194,14,1,28.76,4.6,3
5195,183,1,11.64,4.7,1
5196,61,1,20.29,4.7,1
5197,61,1,20.29,4.8,1
5198,61,1,15.39,4.8,1
5199,22,1,17.96,4.8,1
5200,199,1,14.27,4.5,1
5201,167,1,5.99,4.8,1
5202,154,1,28.51,4.5,1
5203,121,1,19.97,4.7,1
5204,33,1,10.59,4.3,1
5205,116,1,26.68,4.8,1
5206,116,1,13.47,4.8,1
5207,122,1,15.26,4.9,1
5208,9,1,15.99,4.8,1
5209,109,1,10.47,4.9,1
5210,104,1,26.95,4.7,1
5211,118,1,20.01,4.5,1
5212,32,1,13.43,4.9,1
5213,104,1,24.95,4.7,1
5214,155,1,25.99,4.4,1
5215,11,1,34.43,4.5,3
5216,193,1,41.99,4.6,3
5217,155,1,19.99,4.7,1
5218,198,1,12.99,4.7,1
5219,70,1,29.21,4.3,3
5220,156,1,13.74,4.8,1
5221,170,1,24.0,4.7,1
5222,141,1,6.99,4.7,1
5223,155,1,27.99,4.7,1
5224,184,1,10.0,4.6,1
5225,158,1,35.18,4.8,3
5226,148,1,27.59,4.6,1
5227,98,1,29.99,4.9,3
5228,141,1,13.09,4.5,1
5229,110,1,15.41,4.6,1
5230,116,1,5.48,4.8,1
5231,37,1,93.47,4.9,3
5232,156,1,16.99,4.7,1
5233,166,1,6.05,4.8,1
5234,116,1,6.48,4.8,1
5235,79,1,21.99,4.6,1
5236,148,1,16.71,4.7,1
5237,118,1,11.35,4.7,1
5238,122,1,24.61,4.9,1
5239,100,1,10.98,4.8,1
5240,155,1,19.99,4.7,1
5241,0,1,7.21,4.8,1
5242,145,1,47.47,4.7,3
5243,154,1,17.25,4.8,1
5244,100,1,12.49,4.8,1
5245,17,1,9.27,4.8,1
5246,17,1,10.97,4.7,1
5247,162,1,7.44,4.7,1
5248,198,1,9.36,4.6,1
5249,23,1,24.95,4.8,1
5250,14,1,24.76,4.6,1
5251,122,1,15.26,4.9,1
5252,155,1,28.99,4.7,1
5253,88,1,17.49,4.8,1
5254,22,1,9.96,4.9,1
5255,72,1,69.95,4.7,3
5256,96,1,23.95,4.8,1
5257,145,1,39.91,4.8,3
5258,198,1,9.62,4.7,1
5259,110,1,11.04,4.7,1
5260,183,1,11.64,4.7,1
5261,33,1,8.14,4.7,1
5262,16,1,24.0,4.8,1
5263,37,1,17.57,4.9,1
5264,97,1,5.75,4.6,1
5265,33,1,6.1,4.7,1
5266,48,1,58.12,4.8,3
5267,18,1,33.0,4.9,3
5268,108,1,11.59,4.8,1
5269,145,1,33.6,4.6,3
5270,22,1,17.56,4.7,1
5271,159,1,11.99,4.9,1
5272,61,1,50.39,4.7,3
5273,77,1,34.99,4.6,3
5274,37,1,65.97,4.8,3
5275,17,1,33.92,4.8,3
5276,61,1,16.79,4.7,1
5277,118,1,22.74,4.8,1
5278,145,1,42.19,4.5,3
5279,162,1,9.66,4.7,1
5280,148,1,19.53,4.7,1
5281,141,1,22.97,4.8,1
5282,122,1,18.66,4.9,1
5283,61,1,25.89,4.6,1
5284,0,1,5.59,4.6,1
5285,61,1,22.39,4.9,1
5286,22,1,13.96,4.8,1
5287,68,1,8.93,4.7,1
5288,106,1,14.62,4.7,1
5289,61,1,26.59,4.9,1
5290,109,1,24.47,4.6,1
5291,156,1,20.46,4.7,1
5292,155,1,11.99,4.8,1
5293,26,1,35.99,4.8,3
5294,14,1,23.4,4.6,1
5295,141,1,11.99,4.7,1
5296,85,1,18.0,4.6,1
5297,176,1,16.99,4.7,1
5298,154,1,26.26,4.6,1
5299,160,1,19.97,4.7,1
5300,122,1,29.71,4.9,1
5301,109,1,13.97,4.9,1
5302,14,1,15.16,4.9,1
5303,115,1,9.45,5.0,1
5304,122,1,24.61,4.8,1
5305,0,1,2.4,4.8,1
5306,157,1,7.0,4.7,1
5307,162,1,6.82,4.9,1
5308,159,1,19.19,4.9,1
5309,30,1,21.14,4.5,1
5310,61,1,15.39,4.8,1
5311,68,1,7.65,4.7,1
5312,141,1,14.99,4.6,1
5313,156,1,22.4,4.8,1
5314,36,1,45.01,4.7,3
5315,122,1,44.16,4.8,3
5316,109,1,3.7,4.8,1
5317,162,1,9.66,4.8,1
5318,14,1,27.16,4.7,1
5319,145,1,63.3,4.7,3
5320,118,1,7.82,4.9,1
5321,115,1,9.11,4.8,1
5322,167,1,8.99,4.8,1
5323,14,1,24.76,4.6,1
5324,22,1,7.96,4.9,1
5325,141,1,9.99,4.7,1
5326,88,1,20.99,4.5,1
5327,183,1,11.64,4.8,1
5328,17,1,20.83,4.9,1
5329,100,1,13.49,4.8,1
5330,155,1,20.49,4.8,1
5331,156,1,8.49,4.8,1
5332,55,1,14.99,4.5,1
5333,106,1,12.16,4.6,1
5334,16,1,9.0,4.8,1
5335,79,1,12.99,4.7,1
5336,176,1,16.99,4.7,1
5337,37,1,32.97,4.7,3
5338,158,1,8.96,4.7,1
5339,106,1,18.08,4.7,1
5340,0,1,5.36,4.7,1
5341,87,1,33.99,4.8,3
5342,156,1,7.56,4.9,1
5343,154,1,17.25,4.7,1
5344,112,1,7.89,4.6,1
5345,0,1,8.82,4.8,1
5346,109,1,9.77,4.7,1
5347,112,1,10.31,4.9,1
5348,83,1,15.11,4.8,1
5349,176,1,16.99,4.7,1
5350,37,1,32.97,4.7,3
5351,158,1,8.96,4.7,1
5352,106,1,18.08,4.7,1
5353,0,1,5.36,4.7,1
5354,87,1,33.99,4.8,3
5355,156,1,7.56,4.9,1
5356,154,1,17.25,4.7,1
5357,112,1,7.89,4.6,1
5358,0,1,8.82,4.8,1
5359,109,1,9.77,4.7,1
5360,112,1,10.31,4.9,1
5361,83,1,15.11,4.8,1
5362,37,1,21.97,4.9,1
5363,109,1,7.33,4.9,1
5364,8,1,13.29,4.7,1
5365,0,1,4.35,4.8,1
5366,195,1,52.79,4.9,3
5367,96,1,21.95,4.8,1
5368,36,1,46.71,4.4,3
5369,34,1,12.29,4.9,1
5370,122,1,8.46,4.8,1
5371,22,1,7.96,4.8,1
5372,198,1,8.34,4.5,1
5373,34,1,5.59,4.8,1
5374,144,1,8.93,4.5,1
5375,16,1,9.0,4.8,1
5376,37,1,10.97,4.9,1
5377,37,1,16.47,4.7,1
5378,30,1,19.19,4.5,1
5379,121,1,19.01,4.8,1
5380,155,1,22.49,4.8,1
5381,78,1,36.9,4.7,3
5382,116,1,6.81,4.7,1
5383,100,1,8.16,4.8,1
5384,147,1,16.5,4.8,1
5385,118,1,13.26,4.8,1
5386,22,1,17.56,4.7,1
5387,106,1,20.81,4.5,1
5388,22,1,17.56,4.8,1
5389,151,1,10.26,4.8,1
5390,155,1,20.49,4.7,1
5391,30,1,20.09,4.8,1
5392,8,1,10.63,4.7,1
5393,8,1,11.47,4.7,1
5394,106,1,15.82,4.7,1
5395,83,1,16.76,4.8,1
5396,109,1,39.17,4.6,3
5397,85,1,51.0,4.7,3
5398,155,1,19.99,4.8,1
5399,107,1,7.45,4.8,1
5400,106,1,4.26,4.8,1
5401,195,1,23.99,4.9,1
5402,0,1,2.14,4.8,1
5403,22,1,10.76,4.7,1
5404,83,1,6.55,4.8,1
5405,150,1,54.96,4.4,3
5406,14,1,46.0,4.6,3
5407,114,1,22.49,4.5,1
5408,181,1,11.69,4.9,1
5409,8,1,13.29,4.9,1
5410,16,1,15.0,4.7,1
5411,100,1,8.49,4.8,1
5412,37,1,32.97,4.8,3
5413,32,1,15.15,4.8,1
5414,118,1,12.07,4.9,1
5415,61,1,13.99,4.9,1
5416,200,1,13.99,4.8,1
5417,0,1,4.01,4.7,1
5418,44,1,21.04,4.6,1
5419,155,1,38.99,4.7,3
5420,83,1,10.04,4.8,1
5421,78,1,10.19,4.9,1
5422,198,1,9.36,4.8,1
5423,118,1,18.66,4.8,1
5424,184,1,7.0,4.5,1
5425,22,1,8.76,4.8,1
5426,0,1,6.21,4.7,1
5427,52,1,24.99,4.6,1
5428,156,1,10.42,4.8,1
5429,78,1,21.3,4.7,1
5430,72,1,49.95,4.6,3
5431,106,1,7.69,4.9,1
5432,106,1,5.49,4.8,1
5433,54,1,13.59,4.8,1
5434,61,1,19.59,4.8,1
5435,109,1,4.46,4.9,1
5436,61,1,11.19,4.9,1
5437,101,1,17.99,4.7,1
5438,37,1,18.67,4.9,1
5439,112,1,7.0,4.8,1
5440,145,1,42.2,4.6,3
5441,121,1,40.29,4.7,3
5442,158,1,35.32,4.5,3
5443,83,1,16.76,4.9,1
5444,16,1,7.2,4.9,1
5445,152,1,22.95,4.9,1
5446,138,1,16.0,4.9,1
5447,0,1,2.67,4.7,1
5448,97,1,4.65,4.8,1
5449,100,1,8.16,4.8,1
5450,106,1,9.13,4.7,1
5451,68,1,9.78,4.8,1
5452,138,1,10.0,4.8,1
5453,17,1,23.8,4.9,1
5454,141,1,27.99,4.6,1
5455,22,1,13.96,4.8,1
5456,183,1,12.95,4.6,1
5457,49,1,34.99,4.7,3
5458,17,1,14.62,4.8,1
5459,104,1,29.95,4.9,3
5460,155,1,14.99,4.7,1
5461,16,1,13.0,4.8,1
5462,84,1,30.0,4.7,3
5463,109,1,11.87,4.6,1
5464,156,1,17.76,4.8,1
5465,106,1,9.13,4.7,1
5466,68,1,9.78,4.8,1
5467,138,1,10.0,4.8,1
5468,17,1,23.8,4.9,1
5469,141,1,27.99,4.6,1
5470,22,1,13.96,4.8,1
5471,183,1,12.95,4.6,1
5472,49,1,34.99,4.7,3
5473,17,1,14.62,4.8,1
5474,104,1,29.95,4.9,3
5475,155,1,14.99,4.7,1
5476,16,1,13.0,4.8,1
5477,84,1,30.0,4.7,3
5478,109,1,11.87,4.6,1
5479,156,1,17.76,4.8,1
5480,60,1,29.62,4.6,3
5481,17,1,16.07,4.8,1
5482,14,1,10.0,4.9,1
5483,61,1,39.19,4.5,3
5484,22,1,18.36,4.8,1
5485,88,1,17.99,4.8,1
5486,61,1,26.59,4.8,1
5487,81,1,9.92,4.8,1
5488,118,1,9.69,4.8,1
5489,61,1,47.59,4.6,3
5490,60,1,29.62,4.6,3
5491,17,1,16.07,4.8,1
5492,14,1,10.0,4.9,1
5493,61,1,39.19,4.5,3
5494,22,1,18.36,4.8,1
5495,88,1,17.99,4.8,1
5496,61,1,26.59,4.8,1
5497,81,1,9.92,4.8,1
5498,118,1,9.69,4.8,1
5499,61,1,47.59,4.6,3
5500,26,1,37.99,4.8,3
5501,109,1,34.97,4.8,3
5502,86,1,8.99,4.9,1
5503,145,1,25.32,4.8,1
5504,71,1,18.59,4.8,1
5505,17,1,23.8,4.9,1
5506,158,1,9.79,4.7,1
5507,155,1,14.99,4.7,1
5508,118,1,9.48,4.9,1
5509,30,1,14.68,4.5,1
5510,107,1,9.33,4.6,1
5511,36,1,76.46,4.5,3
5512,36,1,48.41,4.3,3
5513,43,1,43.16,4.6,3
5514,26,1,39.99,4.8,3
5515,30,1,14.24,4.8,1
5516,26,1,37.99,4.8,3
5517,109,1,34.97,4.8,3
5518,86,1,8.99,4.9,1
5519,145,1,25.32,4.8,1
5520,71,1,18.59,4.8,1
5521,17,1,23.8,4.9,1
5522,158,1,9.79,4.7,1
5523,155,1,14.99,4.7,1
5524,118,1,9.48,4.9,1
5525,30,1,14.68,4.5,1
5526,107,1,9.33,4.6,1
5527,36,1,76.46,4.5,3
5528,36,1,48.41,4.3,3
5529,43,1,43.16,4.6,3
5530,26,1,39.99,4.8,3
5531,30,1,14.24,4.8,1
5532,36,1,45.01,4.4,3
5533,16,1,7.0,4.9,1
5534,141,1,19.99,4.5,1
5535,184,1,8.0,4.7,1
5536,122,1,14.87,4.8,1
5537,37,1,16.47,4.7,1
5538,84,1,9.0,4.8,1
5539,61,1,13.29,4.7,1
5540,61,1,19.59,4.8,1
5541,37,1,43.99,4.7,3
5542,37,1,10.97,4.9,1
5543,118,1,9.73,4.9,1
5544,68,1,7.65,4.7,1
5545,0,1,7.11,4.8,1
5546,36,1,46.71,4.4,3
5547,106,1,10.94,4.7,1
5548,128,1,40.49,4.8,3
5549,156,1,11.19,4.7,1
5550,106,1,10.34,4.9,1
5551,0,1,4.07,4.7,1
5552,36,1,45.01,4.3,3
5553,112,1,5.26,4.8,1
5554,106,1,4.37,4.9,1
5555,22,1,19.16,4.7,1
5556,100,1,6.98,4.8,1
5557,0,1,13.37,4.7,1
5558,109,1,11.17,4.9,1
5559,48,1,44.62,4.9,3
5560,122,1,10.58,4.8,1
5561,106,1,11.19,4.9,1
5562,36,1,45.01,4.6,3
5563,106,1,26.3,4.0,1
5564,36,1,45.01,4.5,3
5565,97,1,4.08,4.7,1
5566,14,1,14.0,4.8,1
5567,34,1,14.28,4.7,1
5568,16,1,13.0,4.9,1
5569,0,1,6.22,4.7,1
5570,109,1,10.47,4.9,1
5571,68,1,7.65,4.8,1
5572,13,1,39.95,4.7,3
5573,36,1,76.46,4.4,3
5574,156,1,28.19,4.7,1
5575,166,1,17.07,4.8,1
5576,106,1,14.6,4.4,1
5577,16,1,9.0,4.8,1
5578,37,1,19.79,4.7,1
5579,106,1,7.44,4.9,1
5580,133,1,38.77,4.9,3
5581,138,1,15.0,4.8,1
5582,94,1,45.16,4.6,3
5583,121,1,23.28,4.7,1
5584,30,1,22.79,4.8,1
5585,121,1,23.28,4.7,1
5586,184,1,8.0,4.8,1
5587,155,1,28.99,4.7,1
5588,141,1,74.99,4.6,3
5589,155,1,11.49,4.8,1
5590,106,1,6.07,4.8,1
5591,158,1,37.28,4.7,3
5592,156,1,18.92,4.7,1
5593,69,1,9.0,4.7,1
5594,36,1,45.01,4.4,3
5595,61,1,23.79,4.7,1
5596,155,1,35.99,4.7,3
5597,155,1,9.49,4.7,1
5598,116,1,13.94,4.9,1
5599,112,1,14.42,4.6,1
5600,175,1,28.0,4.9,1
5601,106,1,4.86,4.8,1
5602,37,1,27.47,4.8,1
5603,31,1,30.75,4.8,3
5604,177,1,4.88,4.6,1
5605,106,1,6.32,4.9,1
5606,194,1,8.2,4.7,1
5607,14,1,27.96,4.7,1
5608,14,1,17.8,4.9,1
5609,36,1,76.46,4.4,3
5610,156,1,12.74,4.9,1
5611,156,1,11.19,4.8,1
5612,155,1,31.99,4.7,3
5613,34,1,38.09,4.7,3
5614,106,1,14.89,4.8,1
5615,16,1,10.8,4.9,1
5616,16,1,10.0,4.8,1
5617,30,1,16.64,4.7,1
5618,14,1,14.0,4.8,1
5619,34,1,7.95,4.7,1
5620,14,1,7.4,4.9,1
5621,175,1,15.0,4.9,1
5622,95,1,14.9,4.6,1
5623,12,1,27.71,4.8,1
5624,16,1,15.0,4.8,1
5625,158,1,8.79,4.7,1
5626,98,1,13.99,4.7,1
5627,122,1,22.91,4.9,1
5628,109,1,11.17,4.8,1
5629,156,1,11.42,4.9,1
5630,156,1,22.4,4.8,1
5631,30,1,17.84,4.9,1
5632,116,1,6.81,4.7,1
5633,17,1,25.42,4.9,1
5634,109,1,10.47,4.8,1
5635,85,1,18.0,4.5,1
5636,16,1,5.4,4.9,1
5637,36,1,45.01,4.5,3
5638,36,1,45.01,4.6,3
5639,138,1,15.0,4.8,1
5640,187,1,53.0,4.4,3
5641,34,1,14.28,4.7,1
5642,93,1,19.79,4.7,1
5643,156,1,11.42,4.8,1
5644,0,1,8.91,4.6,1
5645,106,1,5.47,4.9,1
5646,89,1,32.94,4.5,3
5647,81,1,19.8,4.8,1
5648,85,1,15.75,4.5,1
5649,14,1,8.2,4.9,1
5650,39,1,13.49,4.7,1
5651,0,1,3.57,4.8,1
5652,85,1,22.5,4.8,1
5653,22,1,15.96,4.9,1
5654,16,1,15.0,4.7,1
5655,61,1,13.29,4.7,1
5656,106,1,12.16,4.8,1
5657,106,1,43.85,4.6,3
5658,156,1,13.13,4.9,1
5659,155,1,20.99,4.8,1
5660,116,1,22.26,4.6,1
5661,106,1,26.3,4.3,1
5662,106,1,8.22,4.6,1
5663,30,1,13.79,4.7,1
5664,84,1,17.0,4.6,1
5665,5,1,25.21,4.5,1
5666,156,1,15.44,4.8,1
5667,69,1,9.0,4.6,1
5668,156,1,6.02,4.8,1
5669,156,1,8.1,4.8,1
5670,14,1,19.4,4.6,1
5671,5,1,60.68,4.6,3
5672,5,1,42.72,4.6,3
5673,93,1,13.19,4.5,1
5674,0,1,3.2,4.8,1
5675,0,1,3.4,4.7,1
5676,16,1,17.0,4.7,1
5677,132,1,31.88,4.7,3
5678,61,1,28.69,4.8,1
5679,0,1,3.21,4.8,1
5680,182,1,11.49,4.7,1
5681,128,1,20.99,4.9,1
5682,141,1,39.99,4.6,3
5683,119,1,17.78,4.5,1
5684,61,1,35.69,4.4,3
5685,112,1,14.19,4.8,1
5686,156,1,19.69,4.8,1
5687,61,1,13.29,4.7,1
5688,116,1,12.93,4.8,1
5689,106,1,24.36,4.8,1
5690,16,1,28.0,4.7,1
5691,16,1,35.0,4.7,3
5692,34,1,5.78,4.9,1
5693,118,1,22.06,4.8,1
5694,106,1,9.13,4.7,1
5695,61,1,17.49,4.6,1
5696,156,1,8.49,4.8,1
5697,14,1,18.8,4.9,1
5698,156,1,28.19,4.8,1
5699,13,1,31.95,4.8,3
5700,118,1,13.56,4.7,1
5701,128,1,19.49,4.8,1
5702,106,1,21.91,4.7,1
5703,34,1,9.83,4.9,1
5704,34,1,5.78,4.9,1
5705,156,1,10.42,4.8,1
5706,17,1,29.73,4.9,3
5707,106,1,15.83,4.7,1
5708,106,1,7.29,4.9,1
5709,163,1,15.99,4.5,1
5710,109,1,16.77,4.7,1
5711,25,1,11.97,4.8,1
5712,156,1,11.19,4.9,1
5713,16,1,13.0,4.8,1
5714,106,1,13.15,4.7,1
5715,109,1,22.62,4.6,1
5716,17,1,46.75,4.9,3
5717,30,1,26.24,4.8,1
5718,163,1,12.99,4.5,1
5719,61,1,48.29,4.5,3
5720,85,1,7.5,4.9,1
5721,156,1,11.42,4.9,1
5722,85,1,9.0,4.8,1
5723,119,1,21.65,4.5,1
5724,69,1,9.0,4.4,1
5725,84,1,12.0,4.8,1
5726,61,1,19.59,4.8,1
5727,85,1,18.0,4.7,1
5728,16,1,5.85,4.7,1
5729,151,1,8.84,4.8,1
5730,81,1,55.0,4.7,3
5731,97,1,5.42,4.5,1
5732,175,1,52.0,4.8,3
5733,17,1,12.67,4.9,1
5734,156,1,13.74,4.8,1
5735,156,1,22.4,4.7,1
5736,184,1,8.0,4.8,1
5737,34,1,5.15,4.7,1
5738,156,1,6.17,4.8,1
5739,85,1,21.0,4.8,1
5740,88,1,16.49,4.7,1
5741,14,1,23.0,4.9,1
5742,109,1,9.77,4.8,1
5743,34,1,34.44,4.6,3
5744,116,1,4.43,4.7,1
5745,34,1,22.95,4.6,1
5746,106,1,18.26,4.7,1
5747,111,1,14.99,4.8,1
5748,116,1,28.58,4.6,1
5749,109,1,46.17,4.9,3
5750,106,1,29.23,4.8,1
5751,156,1,20.85,4.8,1
5752,34,1,15.36,4.7,1
5753,106,1,11.56,4.8,1
5754,61,1,35.69,4.5,3
5755,116,1,15.36,4.8,1
5756,82,1,12.59,4.7,1
5757,16,1,1.0,4.7,1
5758,85,1,13.5,4.8,1
5759,84,1,9.0,4.7,1
5760,118,1,20.74,4.8,1
5761,5,1,25.21,4.6,1
5762,158,1,15.9,4.8,1
5763,107,1,12.73,4.6,1
5764,106,1,8.26,4.9,1
5765,0,1,3.13,4.7,1
5766,85,1,10.5,4.8,1
5767,156,1,7.33,4.7,1
5768,14,1,28.2,4.6,3
5769,22,1,17.96,4.7,1
5770,85,1,29.25,4.5,3
5771,183,1,8.39,4.5,1
5772,109,1,6.97,4.8,1
5773,116,1,4.08,4.6,1
5774,84,1,26.0,4.8,1
5775,158,1,4.62,4.7,1
5776,42,1,13.98,4.7,1
5777,85,1,6.75,4.8,1
5778,106,1,11.19,4.6,1
5779,106,1,13.38,4.7,1
5780,41,1,8.84,4.5,1
5781,79,1,17.99,4.8,1
5782,160,1,15.97,4.7,1
5783,16,1,7.35,4.7,1
5784,61,1,16.79,4.8,1
5785,156,1,14.67,4.8,1
5786,16,1,7.2,4.7,1
5787,84,1,10.0,4.8,1
5788,16,1,18.0,4.8,1
5789,151,1,10.26,4.8,1
5790,14,1,14.0,4.8,1
5791,26,1,39.99,4.8,3
5792,160,1,15.97,4.6,1
5793,106,1,7.66,4.7,1
5794,155,1,23.99,4.8,1
10393,191,0,13.99,4.0,2
10394,191,0,14.99,4.5,2
10395,191,0,15.99,4.5,2
10396,110,0,13.99,4.6,2
10397,110,0,13.99,4.5,2
10398,191,0,15.99,4.5,2
10399,191,0,11.49,4.0,2
10400,191,0,11.99,4.5,2
10401,19,0,11.99,4.5,2
10402,19,0,21.99,4.5,2
10403,110,0,26.99,4.5,2
10404,191,0,7.99,4.5,2
10405,113,0,12.99,4.5,2
10406,113,0,14.99,4.5,2
10407,191,0,15.99,4.0,2
10408,110,0,13.99,4.5,2
10409,19,0,11.99,4.5,2
10410,19,0,19.99,4.6,2
10411,185,0,15.99,4.5,2
10412,20,0,9.99,4.5,2
10413,134,0,13.49,4.5,2
10414,185,0,13.99,4.5,2
10415,185,0,15.99,4.5,2
10416,112,0,13.99,4.5,2
10417,51,0,7.99,4.5,2
10418,134,0,18.99,4.5,2
10419,134,0,18.99,4.5,2
10420,83,0,18.99,4.5,2
10421,130,0,15.99,4.5,2
10422,136,0,8.99,4.5,2
10423,134,0,11.99,4.5,2
10424,2,0,16.99,4.5,2
10425,112,0,29.99,4.5,2
10426,191,0,11.49,4.5,2
10427,185,0,15.99,4.5,2
10428,130,0,14.99,4.5,2
10429,136,0,13.49,4.5,2
10430,19,0,11.49,4.5,2
10431,134,0,11.99,4.5,2
10432,19,0,14.99,4.5,2
10433,191,0,13.99,4.5,2
10434,136,0,13.49,4.5,2
10435,134,0,11.99,4.0,2
10436,113,0,21.99,4.0,2
10437,173,0,15.99,4.5,2
10438,149,0,29.99,4.0,2
10439,135,0,17.99,4.5,2
10440,191,0,29.99,4.5,2
10441,3,0,12.99,4.5,2
10442,191,0,11.99,4.0,2
10443,191,0,19.99,4.5,2
10444,130,0,15.99,4.0,2
10445,191,0,7.99,4.5,2
10446,191,0,5.49,4.5,2
10447,116,0,12.99,4.5,2
10448,191,0,11.99,5.0,2
10449,191,0,13.99,5.0,2
10450,112,0,38.99,5.0,2
10451,191,0,19.99,5.0,2
10452,19,0,11.99,4.5,2
10453,19,0,14.99,4.5,2
10454,134,0,38.99,4.5,2
10455,19,0,19.99,4.5,2
10456,19,0,14.99,4.5,2
10457,191,0,13.99,4.0,2
10458,191,0,14.99,4.5,2
10459,191,0,15.99,4.5,2
10460,110,0,13.99,4.6,2
10461,110,0,13.99,4.5,2
10462,191,0,15.99,4.5,2
10463,191,0,11.49,4.0,2
10464,191,0,11.99,4.5,2
10465,19,0,11.99,4.5,2
10466,19,0,21.99,4.5,2
10467,110,0,26.99,4.5,2
10468,191,0,7.99,4.5,2
10469,113,0,12.99,4.5,2
10470,113,0,14.99,4.5,2
10471,191,0,15.99,4.0,2
10472,110,0,13.99,4.5,2
10473,19,0,11.99,4.5,2
10474,19,0,19.99,4.6,2
10475,185,0,15.99,4.5,2
10476,20,0,9.99,4.5,2
10477,134,0,13.49,4.5,2
10478,185,0,13.99,4.5,2
10479,185,0,15.99,4.5,2
10480,112,0,13.99,4.5,2
10481,51,0,7.99,4.5,2
10482,134,0,18.99,4.5,2
10483,134,0,18.99,4.5,2
10484,83,0,18.99,4.5,2
10485,130,0,15.99,4.5,2
10486,136,0,8.99,4.5,2
10487,134,0,11.99,4.5,2
10488,2,0,16.99,4.5,2
10489,112,0,29.99,4.5,2
10490,191,0,11.49,4.5,2
10491,185,0,15.99,4.5,2
10492,130,0,14.99,4.5,2
10493,136,0,13.49,4.5,2
10494,19,0,11.49,4.5,2
10495,134,0,11.99,4.5,2
10496,19,0,14.99,4.5,2
10497,191,0,13.99,4.5,2
10498,136,0,13.49,4.5,2
10499,134,0,11.99,4.0,2
10500,113,0,21.99,4.0,2
10501,173,0,15.99,4.5,2
10502,149,0,29.99,4.0,2
10503,135,0,17.99,4.5,2
10504,191,0,29.99,4.5,2
10505,3,0,12.99,4.5,2
10506,191,0,11.99,4.0,2
10507,191,0,19.99,4.5,2
10508,130,0,15.99,4.0,2
10509,191,0,7.99,4.5,2
10510,191,0,5.49,4.5,2
10511,116,0,12.99,4.5,2
10512,191,0,11.99,5.0,2
10513,191,0,13.99,5.0,2
10514,112,0,38.99,5.0,2
10515,191,0,19.99,5.0,2
10516,19,0,11.99,4.5,2
10517,19,0,14.99,4.5,2
10518,134,0,38.99,4.5,2
10519,19,0,19.99,4.5,2
10520,19,0,14.99,4.5,2
10521,100,0,11.99,4.5,2
10522,61,0,24.99,4.5,2
10523,191,0,11.99,4.5,2
10524,110,0,13.99,4.6,2
10525,191,0,14.99,4.5,2
10526,191,0,11.49,4.5,2
10527,191,0,13.99,4.5,2
10528,112,0,19.99,4.0,2
10529,112,0,22.99,4.0,2
10530,64,0,15.99,4.0,2
10531,19,0,14.99,4.0,2
10532,19,0,21.99,4.5,2
10533,139,0,29.99,4.0,2
10534,191,0,11.99,4.0,2
10535,7,0,39.99,4.5,2
10536,134,0,11.99,4.0,2
10537,19,0,19.99,4.6,2
10538,116,0,12.99,4.5,2
10539,191,0,11.99,5.0,2
10540,191,0,19.99,5.0,2
10541,19,0,22.99,4.5,2
10542,19,0,14.99,4.5,2
10543,191,0,18.99,4.5,2
10544,192,0,13.99,4.5,2
10545,19,0,19.99,4.0,2
10546,192,0,8.99,4.0,2
10547,134,0,13.49,4.0,2
10548,192,0,13.99,3.5,2
10549,3,0,29.99,4.5,2
10550,191,0,24.99,5.0,2
10551,28,0,14.99,4.5,2
10552,19,0,19.99,4.5,2
10553,116,0,19.99,4.5,2
10554,130,0,15.99,3.5,2
10555,59,0,34.99,3.0,2
10556,116,0,29.99,4.5,2
10557,134,0,11.99,5.0,2
10558,58,0,12.99,5.0,2
10559,64,0,15.99,5.0,2
10560,191,0,11.99,5.0,2
10561,185,0,15.99,4.5,2
10562,130,0,21.99,4.5,2
10563,120,0,17.99,4.5,2
10564,130,0,15.99,4.5,2
10565,191,0,12.99,4.5,2
10566,130,0,21.99,4.0,2
10567,110,0,31.99,4.0,2
10568,134,0,41.99,4.5,2
10569,191,0,10.99,4.5,2
10570,134,0,19.99,4.5,2
10571,191,0,15.99,4.5,2
10572,110,0,21.99,3.5,2
10573,124,0,39.99,5.0,2
10574,124,0,29.99,4.5,2
10575,201,0,8.79,4.5,2
10576,47,0,13.49,3.5,2
10577,201,0,13.49,4.5,2
10578,201,0,24.99,4.5,2
10579,53,0,49.99,3.5,2
10580,110,0,10.99,4.5,2
10581,110,0,12.89,4.5,2
10582,83,0,18.99,4.5,2
10583,51,0,7.99,3.5,2
10584,112,0,29.99,4.5,2
10585,63,0,11.99,4.5,2
10586,63,0,13.49,4.5,2
10587,110,0,26.49,4.5,2
10588,51,0,7.99,3.0,2
10589,136,0,8.99,4.5,2
10590,112,0,15.99,4.5,2
10591,112,0,15.99,4.5,2
10592,112,0,15.99,4.0,2
10593,112,0,15.99,4.0,2
10594,134,0,11.49,4.5,2
10595,51,0,7.99,3.5,2
10596,110,0,12.99,4.5,2
10597,110,0,23.99,4.5,2
10598,121,0,26.99,4.5,2
10599,148,0,18.99,4.5,2
10600,116,0,12.99,4.5,2
10601,112,0,15.49,4.5,2
10602,121,0,19.99,4.5,2
10603,121,0,19.99,4.5,2
10604,21,0,16.49,4.5,2
10605,112,0,15.99,4.5,2
10606,110,0,21.99,4.5,2
10607,19,0,12.99,4.5,2
10608,191,0,13.99,4.5,2
10609,112,0,19.99,4.5,2
10610,110,0,13.99,4.5,2
10611,185,0,15.99,4.5,2
10612,154,0,22.99,4.5,2
10613,134,0,26.99,4.5,2
10614,185,0,15.99,4.5,2
10615,154,0,15.99,4.5,2
10616,51,0,7.99,4.5,2
10617,121,0,59.99,4.5,3
10618,77,0,14.99,4.5,2
10619,148,0,14.99,4.5,2
10620,61,0,18.99,5.0,2
10621,116,0,9.99,4.0,2
10622,121,0,54.99,4.5,3
10623,197,0,11.99,3.5,2
10624,134,0,37.99,4.5,2
10625,31,0,23.99,4.5,2
10626,134,0,13.49,4.5,2
10627,19,0,14.99,4.5,2
10628,19,0,12.99,4.5,2
10629,187,0,29.99,4.0,2
10630,191,0,17.49,3.5,2
10631,191,0,15.99,1.5,2
10632,148,0,32.99,4.5,2
10633,113,0,9.49,4.0,2
10634,121,0,68.99,4.0,3
10635,112,0,9.99,4.5,2
10636,185,0,7.99,4.5,2
10637,121,0,41.99,4.5,2
10638,3,0,17.99,4.0,2
10639,3,0,16.99,4.0,2
10640,3,0,16.99,5.0,2
10641,121,0,46.49,4.5,2
10642,116,0,16.99,5.0,2
10643,201,0,17.99,4.0,2
10644,121,0,53.99,4.5,3
10645,121,0,46.49,4.5,2
10646,121,0,21.99,4.5,2
10647,116,0,21.33,4.0,2
10648,154,0,18.99,5.0,2
10649,116,0,16.49,3.5,2
10650,121,0,51.99,4.5,3
10651,148,0,29.99,4.0,2
10652,51,0,16.99,4.5,2
10653,116,0,11.99,4.5,2
10654,121,0,53.99,4.5,3
10655,3,0,14.99,4.5,2
10656,77,0,24.99,4.5,2
10657,74,0,9.99,4.5,2
10658,3,0,11.99,4.5,2
10659,74,0,26.99,5.0,2
10660,29,0,18.99,4.5,2
10661,191,0,19.99,5.0,2
10662,58,0,12.99,5.0,2
10663,191,0,24.99,5.0,2
10664,134,0,22.99,4.5,2
10665,134,0,22.99,4.5,2
10666,19,0,15.49,4.5,2
10667,75,0,15.49,4.5,2
10668,19,0,14.99,4.5,2
10669,189,0,12.99,4.5,2
10670,191,0,19.99,4.5,2
10671,154,0,26.99,4.0,2
10672,121,0,27.99,4.0,2
10673,61,0,17.99,4.0,2
10674,29,0,9.99,4.0,2
10675,64,0,15.99,4.0,2
10676,191,0,11.99,4.0,2
10677,191,0,13.49,2.5,2
10678,3,0,29.99,4.5,2
10679,3,0,21.99,3.5,2
10680,149,0,20.99,4.5,2
10681,116,0,29.99,4.5,2
10682,154,0,12.99,3.5,2
10683,134,0,31.83,4.0,2
10684,121,0,52.49,4.5,3
10685,149,0,29.99,5.0,2
10686,112,0,27.99,4.0,2
10687,191,0,9.99,5.0,2
10688,156,0,16.99,5.0,2
10689,97,0,11.99,5.0,2
10690,64,0,19.99,5.0,2
10691,97,0,11.49,5.0,2
10692,75,0,14.99,4.5,2
10693,19,0,21.82,4.5,2
10694,121,0,36.99,4.5,2
10695,189,0,11.99,4.5,2
10696,121,0,16.77,4.5,2
10697,19,0,15.99,4.5,2
10698,110,0,26.99,4.5,2
10699,189,0,12.99,4.5,2
10700,187,0,29.99,4.5,2
10701,121,0,26.99,4.5,2
10702,121,0,36.99,4.5,2
10703,121,0,36.99,4.5,2
10704,61,0,17.99,4.5,2
10705,64,0,19.99,4.5,2
12502,85,1,19.13,4.7,1
12503,16,1,12.0,4.7,1
12504,85,1,18.38,4.8,1
12505,0,1,12.01,4.7,1
12506,116,1,16.2,4.6,1
12507,116,1,18.0,4.6,1
12508,103,1,13.59,4.7,1
12509,85,1,18.38,4.8,1
12510,16,1,38.0,4.7,3
12511,0,1,10.7,4.6,1
12512,174,1,7.99,4.7,1
12513,85,1,10.69,4.7,1
12514,116,1,11.01,4.8,1
12515,155,1,48.99,4.7,3
12516,85,1,28.5,4.5,1
12517,155,1,22.99,4.8,1
12518,103,1,23.45,4.7,1
12519,34,1,18.36,4.5,1
12520,40,1,11.47,4.6,1
12521,106,1,36.15,4.8,3
12522,117,1,17.77,4.8,1
12523,137,1,22.64,4.7,1
12524,116,1,11.92,4.7,1
12525,16,1,12.0,4.6,1
12526,165,1,13.0,4.7,1
12527,165,1,19.0,4.8,1
12528,0,1,6.21,4.7,1
12529,168,1,43.19,4.5,3
12530,155,1,25.49,4.7,1
12531,69,1,8.0,4.4,1
12532,116,1,20.33,4.6,1
12533,85,1,9.94,4.8,1
12534,106,1,17.53,4.8,1
12535,116,1,11.01,4.8,1
12536,148,1,33.46,4.6,3
12537,137,1,14.48,4.9,1
12538,116,1,11.01,4.7,1
12539,0,1,8.01,4.7,1
12540,33,1,8.14,4.6,1
12541,80,1,34.99,4.4,3
12542,116,1,11.01,4.8,1
12543,6,1,14.99,4.7,1
12544,148,1,30.99,4.6,3
12545,85,1,19.13,4.7,1
12546,16,1,12.0,4.7,1
12547,85,1,18.38,4.8,1
12548,0,1,12.01,4.7,1
12549,116,1,16.2,4.6,1
12550,116,1,18.0,4.6,1
12551,103,1,13.59,4.7,1
12552,85,1,18.38,4.8,1
12553,16,1,38.0,4.7,3
12554,0,1,10.7,4.6,1
12555,174,1,7.99,4.7,1
12556,85,1,10.69,4.7,1
12557,116,1,11.01,4.8,1
12558,155,1,48.99,4.7,3
12559,85,1,28.5,4.5,1
12560,155,1,22.99,4.8,1
12561,103,1,23.45,4.7,1
12562,34,1,18.36,4.5,1
12563,40,1,11.47,4.6,1
12564,106,1,36.15,4.8,3
12565,117,1,17.77,4.8,1
12566,137,1,22.64,4.7,1
12567,116,1,11.92,4.7,1
12568,16,1,12.0,4.6,1
12569,165,1,13.0,4.7,1
12570,165,1,19.0,4.8,1
12571,0,1,6.21,4.7,1
12572,168,1,43.19,4.5,3
12573,155,1,25.49,4.7,1
12574,69,1,8.0,4.4,1
12575,116,1,20.33,4.6,1
12576,85,1,9.94,4.8,1
12577,106,1,17.53,4.8,1
12578,116,1,11.01,4.8,1
12579,148,1,33.46,4.6,3
12580,137,1,14.48,4.9,1
12581,116,1,11.01,4.7,1
12582,0,1,8.01,4.7,1
12583,33,1,8.14,4.6,1
12584,80,1,34.99,4.4,3
12585,116,1,11.01,4.8,1
12586,6,1,14.99,4.7,1
12587,148,1,30.99,4.6,3
12588,0,1,8.91,4.8,1
12589,165,1,7.0,4.6,1
12590,179,1,8.1,4.8,1
12591,106,1,22.53,4.7,1
12592,98,1,55.99,4.7,3
12593,98,1,30.99,4.8,3
12594,137,1,16.02,4.8,1
12595,116,1,18.0,4.7,1
12596,175,1,48.0,4.7,3
12597,137,1,12.95,4.6,1
12598,0,1,8.01,4.8,1
12599,116,1,11.01,4.8,1
12600,148,1,24.14,4.6,1
12601,104,1,46.95,4.8,3
12602,16,1,8.0,4.8,1
12603,116,1,36.31,4.4,3
12604,148,1,18.12,4.6,1
12605,175,1,48.0,4.7,3
12606,118,1,37.91,4.8,3
12607,56,1,16.45,4.6,1
12608,106,1,15.82,4.7,1
12609,124,1,49.99,4.4,3
12610,116,1,18.16,4.6,1
12611,190,1,16.0,4.8,1
12612,137,1,11.65,4.8,1
12613,180,1,9.11,4.7,1
12614,121,1,28.32,4.6,1
12615,165,1,11.0,4.8,1
12616,106,1,30.68,4.8,3
12617,17,1,29.33,4.7,3
12618,121,1,19.97,4.6,1
12619,148,1,40.31,4.6,3
12620,152,1,32.95,4.8,3
12621,0,1,8.01,4.8,1
12622,165,1,19.0,4.7,1
12623,0,1,6.21,4.7,1
12624,91,1,17.99,4.8,1
12625,98,1,30.99,4.7,3
12626,116,1,11.61,4.7,1
12627,98,1,55.99,4.8,3
12628,0,1,8.01,4.7,1
12629,190,1,14.4,4.8,1
12630,106,1,17.03,4.7,1
12631,148,1,40.31,4.6,3
12632,116,1,8.27,4.7,1
12633,0,1,12.01,4.7,1
12634,127,1,25.99,4.9,1
12635,168,1,43.19,4.6,3
12636,0,1,8.91,4.8,1
12637,0,1,10.7,4.6,1
12638,179,1,30.0,4.8,1
12639,26,1,34.99,4.8,3
12640,179,1,27.0,4.7,1
12641,106,1,11.56,4.7,1
12642,0,1,10.7,4.6,1
12643,104,1,28.95,4.8,1
12644,137,1,21.6,4.6,1
12645,16,1,12.0,4.7,1
12646,122,1,19.51,4.7,1
12647,22,1,15.96,4.8,1
12648,122,1,19.51,4.7,1
12649,165,1,45.0,4.7,3
12650,26,1,29.99,4.9,3
12651,118,1,24.35,4.8,1
12652,148,1,24.14,4.6,1
12653,0,1,5.36,4.8,1
12654,33,1,13.25,4.7,1
12655,155,1,15.99,4.7,1
12656,116,1,13.86,4.8,1
12657,0,1,7.11,4.8,1
12658,26,1,34.99,4.7,3
12659,81,1,22.5,4.8,1
12660,116,1,10.59,4.6,1
12661,0,1,8.91,4.8,1
12662,116,1,36.31,4.6,3
12663,116,1,15.9,4.6,1
12664,0,1,7.11,4.7,1
12665,168,1,15.0,4.6,1
12666,116,1,12.58,4.7,1
12667,165,1,14.0,4.7,1
12668,116,1,22.35,4.7,1
12669,38,1,23.39,4.7,1
12670,104,1,28.95,4.8,1
12671,109,1,13.97,4.7,1
12672,56,1,5.0,4.6,1
12673,183,1,7.93,4.7,1
12674,33,1,13.25,4.6,1
12675,165,1,10.0,4.7,1
12676,116,1,19.6,4.6,1
12677,175,1,68.0,4.8,3
12678,116,1,13.86,4.7,1
12679,123,1,24.85,4.7,1
12680,137,1,11.97,4.8,1
12681,165,1,10.0,4.7,1
12682,178,1,11.05,4.7,1
12683,116,1,18.0,4.7,1
12684,30,1,28.49,4.6,3
12685,175,1,30.0,4.8,1
12686,109,1,11.87,4.7,1
12687,148,1,17.99,4.7,1
12688,174,1,8.49,4.6,1
12689,106,1,19.47,4.7,1
12690,148,1,33.46,4.5,3
12691,106,1,30.43,4.7,3
12692,148,1,15.73,4.4,1
12693,155,1,13.49,4.7,1
12694,155,1,11.89,4.8,1
12695,106,1,26.79,4.7,1
12696,54,1,31.86,4.6,3
12697,165,1,19.0,4.6,1
12698,0,1,8.91,4.7,1
12699,106,1,18.25,4.8,1
12700,83,1,6.55,4.8,1
12701,1,1,12.99,4.7,1
12702,183,1,7.93,4.8,1
12703,198,1,9.76,4.7,1
12704,165,1,10.0,4.7,1
12705,68,1,8.5,4.7,1
12706,175,1,72.0,4.7,3
12707,148,1,12.58,4.7,1
12708,148,1,21.0,4.5,1
12709,116,1,16.2,4.7,1
12710,98,1,26.99,4.8,1
12711,165,1,10.0,4.7,1
12712,104,1,34.95,4.8,3
12713,116,1,9.58,4.6,1
12714,104,1,24.95,4.8,1
12715,104,1,44.95,4.6,3
12716,98,1,30.99,4.8,3
12717,165,1,22.0,4.7,1
12718,97,1,5.81,4.6,1
12719,68,1,10.12,4.6,1
12720,165,1,11.0,4.7,1
12721,116,1,11.62,4.6,1
12722,141,1,23.99,4.7,1
12723,109,1,30.07,4.7,3
12724,198,1,9.76,4.8,1
12725,98,1,50.99,4.8,3
12726,98,1,50.99,4.8,3
12727,165,1,23.0,4.4,1
12728,152,1,29.95,3.4,3
12729,137,1,14.42,4.7,1
12730,97,1,11.73,4.8,1
12731,172,1,9.99,4.8,1
12732,109,1,17.47,4.8,1
12733,199,1,25.97,4.8,1
12734,116,1,13.24,4.6,1
12735,106,1,18.25,4.8,1
12736,116,1,13.24,4.7,1
12737,165,1,19.0,4.6,1
12738,106,1,17.52,4.8,1
12739,104,1,21.95,4.8,1
12740,179,1,30.0,4.7,1
12741,165,1,19.0,4.6,1
12742,62,1,36.99,4.6,3
12743,157,1,10.0,4.4,1
12744,61,1,30.09,4.8,3
12745,51,1,16.66,4.8,1
12746,116,1,10.64,4.7,1
12747,165,1,20.7,4.6,1
12748,141,1,8.84,4.7,1
12749,155,1,41.99,4.7,3
12750,165,1,22.0,4.7,1
12751,116,1,9.36,4.9,1
12752,198,1,10.9,4.7,1
12753,156,1,40.78,4.7,3
12754,165,1,22.0,4.7,1
12755,61,1,23.09,4.7,1
12756,106,1,27.39,4.7,1
12757,61,1,64.39,4.8,3
12758,97,1,7.02,4.7,1
12759,83,1,16.76,4.8,1
12760,81,1,20.0,4.8,1
12761,106,1,29.21,4.8,1
12762,55,1,14.99,4.5,1
12763,61,1,60.89,4.7,3
12764,122,1,33.96,4.8,3
12765,98,1,55.99,4.7,3
12766,40,1,18.99,4.8,1
12767,33,1,16.32,4.8,1
12768,61,1,34.29,4.8,3
12769,156,1,32.05,4.7,3
12770,169,1,8.93,4.7,1
12771,98,1,30.99,4.7,3
12772,141,1,19.99,4.7,1
12773,109,1,22.37,4.7,1
12774,16,1,4.5,4.8,1
12775,121,1,24.62,4.8,1
12776,61,1,64.39,4.7,3
12777,16,1,6.0,4.7,1
12778,156,1,30.89,4.8,3
12779,61,1,34.29,4.8,3
12780,184,1,16.0,4.7,1
12781,118,1,19.34,4.8,1
12782,121,1,55.42,4.8,3
12783,116,1,8.3,4.8,1
12784,112,1,12.01,4.7,1
12785,68,1,8.42,4.8,1
12786,106,1,18.34,4.6,1
12787,16,1,4.0,4.9,1
12788,16,1,5.0,4.9,1
12789,152,1,59.95,-1.0,0
12790,97,1,3.51,5.0,1
12791,118,1,21.08,4.8,1
12792,199,1,29.22,5.0,1
12793,73,1,16.97,-1.0,0
12794,199,1,29.22,4.9,1
12795,199,1,29.22,5.0,1
12796,199,1,29.22,5.0,1
12797,116,1,20.06,5.0,1
12798,152,1,32.95,-1.0,0
12799,121,1,19.97,4.7,1
12800,121,1,17.97,4.7,1
12801,92,1,24.04,-1.0,0
12802,115,1,16.7,-1.0,0
12803,121,1,24.97,-1.0,0
12804,16,1,17.0,4.8,1
12805,96,1,22.95,4.8,1
12806,116,1,16.4,4.7,1
12807,76,1,67.49,4.7,3
12808,38,1,18.19,4.8,1
12809,167,1,10.99,5.0,1
12810,148,1,55.77,4.5,3
12811,118,1,48.15,4.4,3
12812,121,1,50.37,-1.0,0
12813,152,1,72.95,-1.0,0
12814,98,1,26.99,4.9,1
12815,118,1,24.95,4.4,1
12816,97,1,9.44,-1.0,0
12817,148,1,15.73,4.6,1
12818,76,1,67.49,4.6,3
12819,116,1,35.71,4.9,3
12820,98,1,46.99,4.8,3
12821,116,1,35.71,4.8,3
12822,155,1,32.99,4.8,3
12823,98,1,21.99,4.8,1
12824,121,1,40.8,4.7,3
12825,98,1,46.99,4.8,3
12826,98,1,37.99,4.8,3
12827,137,1,11.65,4.8,1
12828,167,1,5.28,4.8,1
12829,116,1,20.06,4.8,1
12830,137,1,11.87,4.8,1
12831,121,1,47.85,4.8,3
12832,100,1,19.99,4.8,1
12833,121,1,51.63,4.6,3
12834,116,1,18.54,4.7,1
12835,100,1,19.99,4.8,1
12836,61,1,16.79,4.8,1
12837,104,1,21.95,4.8,1
12838,121,1,20.98,4.6,1
12839,22,1,15.88,4.8,1
12840,148,1,18.12,4.7,1
12841,148,1,31.37,4.7,3
12842,148,1,18.13,4.9,1
12843,148,1,31.37,4.9,3
12844,81,1,25.5,4.8,1
12845,121,1,32.73,4.8,3
12846,121,1,51.63,4.8,3
12847,97,1,12.05,5.0,1
12848,98,1,46.99,4.8,3
12849,98,1,55.99,4.8,3
12850,50,1,17.95,4.8,1
12851,98,1,37.99,4.8,3
12852,98,1,21.99,4.7,1
12853,104,1,59.95,-1.0,0
12854,104,1,59.95,5.0,3
12855,121,1,42.81,4.6,3
12856,116,1,16.32,4.8,1
12857,102,1,19.49,4.1,1
12858,116,1,18.64,4.6,1
12859,155,1,32.99,4.8,3
12860,165,1,14.0,4.7,1
12861,167,1,14.48,4.8,1
12862,116,1,9.36,4.6,1
12863,158,1,41.45,4.7,3
12864,116,1,14.55,5.0,1
12865,97,1,8.99,-1.0,0
12866,108,1,7.78,4.8,1
12867,145,1,54.61,4.7,3
12868,104,1,39.95,5.0,3
12869,104,1,39.95,4.8,3
12870,122,1,22.91,4.8,1
12871,121,1,24.97,5.0,1
12872,76,1,59.99,4.7,3
12873,145,1,54.61,4.7,3
12874,116,1,18.54,4.7,1
12875,116,1,18.16,4.7,1
12876,104,1,46.95,4.7,3
12877,118,1,24.95,3.7,1
12878,118,1,17.72,4.7,1
12879,40,1,9.99,4.8,1
12880,37,1,52.77,4.7,3
12881,116,1,16.32,5.0,1
12882,137,1,9.32,4.8,1
12883,116,1,18.3,4.4,1
12884,116,1,11.61,4.5,1
12885,137,1,22.64,4.9,1
12886,96,1,29.95,5.0,3
12887,116,1,10.64,4.6,1
12888,61,1,14.69,4.5,1
12889,1,1,12.99,4.8,1
12890,117,1,13.77,4.7,1
12891,16,1,30.0,4.7,3
12892,96,1,44.95,4.7,3
12893,51,1,16.66,4.8,1
12894,165,1,22.0,4.7,1
12895,152,1,32.95,5.0,3
12896,121,1,41.1,4.8,3
12897,104,1,39.95,4.7,3
12898,33,1,16.32,4.9,1
12899,79,1,39.99,4.8,3
12900,121,1,36.94,4.8,3
12901,0,1,22.27,4.8,1
12902,121,1,24.62,4.8,1
12903,121,1,36.94,4.8,3
12904,121,1,42.72,4.8,3
12905,61,1,64.39,4.8,3
12906,116,1,18.64,4.6,1
12907,155,1,32.99,4.8,3
12908,165,1,14.0,4.7,1
12909,167,1,14.48,4.8,1
12910,116,1,9.36,4.6,1
12911,158,1,41.45,4.7,3
12912,116,1,14.55,5.0,1
12913,97,1,8.99,-1.0,0
12914,108,1,7.78,4.8,1
12915,145,1,54.61,4.7,3
12916,104,1,39.95,5.0,3
12917,104,1,39.95,4.8,3
12918,122,1,22.91,4.8,1
12919,121,1,24.97,5.0,1
12920,76,1,59.99,4.7,3
12921,145,1,54.61,4.7,3
12922,116,1,18.54,4.7,1
12923,116,1,18.16,4.7,1
12924,104,1,46.95,4.7,3
12925,118,1,24.95,3.7,1
12926,118,1,17.72,4.7,1
12927,40,1,9.99,4.8,1
12928,37,1,52.77,4.7,3
12929,116,1,16.32,5.0,1
12930,137,1,9.32,4.8,1
12931,116,1,18.3,4.4,1
12932,116,1,11.61,4.5,1
12933,137,1,22.64,4.9,1
12934,96,1,29.95,5.0,3
12935,116,1,10.64,4.6,1
12936,61,1,14.69,4.5,1
12937,1,1,12.99,4.8,1
12938,117,1,13.77,4.7,1
12939,16,1,30.0,4.7,3
12940,96,1,44.95,4.7,3
12941,51,1,16.66,4.8,1
12942,165,1,22.0,4.7,1
12943,152,1,32.95,5.0,3
12944,121,1,41.1,4.8,3
12945,104,1,39.95,4.7,3
12946,33,1,16.32,4.9,1
12947,79,1,39.99,4.8,3
12948,121,1,36.94,4.8,3
12949,0,1,22.27,4.8,1
12950,121,1,24.62,4.8,1
12951,121,1,36.94,4.8,3
12952,121,1,42.72,4.8,3
12953,61,1,64.39,4.8,3
12954,109,1,30.07,4.7,3
12955,98,1,18.99,4.7,1
12956,165,1,36.0,4.5,3
12957,48,1,39.94,4.7,3
12958,48,1,39.94,4.5,3
12959,199,1,14.92,4.8,1
12960,121,1,47.47,4.8,3
12961,116,1,13.24,4.7,1
12962,121,1,60.87,4.8,3
12963,148,1,27.36,4.7,1
12964,148,1,27.36,4.9,1
12965,116,1,10.64,4.7,1
12966,116,1,9.58,4.7,1
12967,121,1,60.87,4.8,3
12968,121,1,76.96,4.8,3
12969,27,1,38.46,4.7,3
12970,184,1,18.0,4.7,1
12971,121,1,76.96,4.8,3
12972,81,1,61.0,4.9,3
12973,137,1,17.66,4.8,1
12974,118,1,19.08,5.0,1
12975,49,1,29.99,-1.0,0
12976,121,1,59.97,-1.0,0
12977,51,1,18.77,4.7,1
12978,198,1,13.6,4.8,1
12979,198,1,9.36,4.8,1
12980,37,1,18.67,4.8,1
12981,121,1,43.1,4.8,3
12982,46,1,14.29,4.7,1
12983,121,1,27.7,4.8,1
12984,109,1,30.07,4.7,3
12985,154,1,18.75,4.5,1
12986,121,1,55.42,4.8,3
12987,121,1,52.29,4.8,3
12988,121,1,30.78,4.8,3
12989,121,1,43.1,4.8,3
12990,116,1,11.79,4.8,1
12991,121,1,63.79,4.8,3
12992,109,1,30.07,4.7,3
12993,31,1,22.39,4.8,1
12994,143,1,48.34,4.7,3
12995,199,1,26.3,4.8,1
12996,118,1,86.87,4.6,3
12997,48,1,39.94,4.7,3
12998,30,1,35.24,4.7,3
12999,198,1,14.99,4.6,1
13000,155,1,49.99,4.5,3
13001,148,1,40.31,4.7,3
13002,148,1,24.14,4.7,1
13003,16,1,30.0,4.7,3
13004,118,1,27.0,4.6,1
13005,57,1,22.5,4.6,1
13006,37,1,54.97,4.8,3
13007,116,1,20.06,4.9,1
13008,118,1,7.1,4.8,1
13009,118,1,21.38,4.8,1
13010,118,1,17.11,4.7,1
13011,203,1,21.0,4.7,1
13012,116,1,13.24,4.7,1
13013,99,1,26.07,4.7,1
13014,99,1,24.76,4.8,1
13015,76,1,37.79,4.8,3
13016,30,1,20.39,4.8,1
13017,104,1,44.95,4.6,3
13018,98,1,30.99,4.6,3
13019,148,1,34.85,4.8,3
13020,30,1,24.89,4.5,1
13021,76,1,74.99,4.8,3
13022,104,1,34.95,4.8,3
13023,109,1,30.07,4.7,3
13024,100,1,9.98,4.7,1
13025,30,1,20.39,-1.0,0
13026,165,1,22.0,4.7,1
13027,148,1,48.79,4.8,3
13028,141,1,8.84,4.7,1
13029,165,1,11.0,4.7,1
13030,141,1,13.99,4.7,1
13031,125,1,16.95,4.8,1
13032,203,1,38.5,4.6,3
13033,79,1,34.99,5.0,3
13034,104,1,21.95,4.8,1
13035,141,1,13.99,4.7,1
13036,31,1,26.15,4.8,1
13037,199,1,20.45,4.9,1
13038,155,1,27.89,4.7,1
13039,79,1,39.99,-1.0,0
13040,118,1,32.09,4.6,3
13041,137,1,19.28,4.8,1
13042,137,1,19.28,4.7,1
13043,48,1,23.99,4.6,1
13044,203,1,21.0,4.4,1
13045,81,1,25.0,4.8,1
13046,104,1,29.95,4.6,3
13047,116,1,21.84,4.6,1
13048,118,1,49.23,4.4,3
13049,137,1,31.68,4.3,3
13050,30,1,20.39,4.7,1
13051,183,1,13.01,4.8,1
13052,143,1,54.83,4.7,3
13053,143,1,54.83,4.8,3
13054,145,1,45.36,4.8,3
13055,118,1,32.86,4.8,3
13056,183,1,14.46,4.7,1
13057,16,1,19.0,4.6,1
13058,61,1,34.29,4.7,3
13059,61,1,34.29,4.7,3
13060,79,1,39.99,5.0,3
13061,155,1,49.99,4.7,3
13062,203,1,21.0,4.7,1
13063,61,1,60.89,4.8,3
13064,55,1,14.99,4.5,1
13065,203,1,38.5,4.7,3
13066,118,1,16.03,4.8,1
13067,35,1,15.19,-1.0,0
13068,118,1,13.56,5.0,1
13069,158,1,13.43,4.4,1
13070,198,1,10.79,4.5,1
13071,162,1,13.81,4.6,1
13072,112,1,10.9,4.7,1
13073,143,1,76.1,4.8,3
13074,104,1,44.95,4.6,3
13075,118,1,35.66,-1.0,0
13076,118,1,62.6,-1.0,0
13077,118,1,19.34,-1.0,0
13078,33,1,15.29,4.7,1
13079,121,1,30.11,4.8,3
13080,118,1,15.34,5.0,1
13081,30,1,28.49,4.8,3
13082,184,1,7.0,4.7,1
13083,118,1,43.76,4.7,3
13084,118,1,27.84,4.8,1
13085,116,1,11.15,4.6,1
13086,165,1,22.0,4.7,1
13087,16,1,50.0,4.6,3
13088,118,1,24.35,4.9,1
13089,156,1,9.26,4.8,1
13090,61,1,13.99,4.7,1
13091,153,1,17.0,4.6,1
13092,156,1,15.44,4.8,1
13093,121,1,47.06,4.8,3
13094,79,1,54.99,-1.0,0
13095,10,1,23.93,-1.0,0
13096,130,1,17.09,5.0,1
13097,121,1,25.99,4.9,1
13098,118,1,13.56,4.9,1
13099,118,1,13.56,4.8,1
13100,98,1,14.99,4.7,1
13101,156,1,13.74,4.7,1
13102,169,1,12.42,4.6,1
13103,162,1,12.01,4.6,1
13104,30,1,23.35,4.3,1
13105,184,1,10.0,4.6,1
13106,184,1,18.0,4.6,1
13107,61,1,60.89,4.8,3
13108,79,1,23.99,4.8,1
13109,46,1,14.29,4.5,1
13110,55,1,14.99,4.5,1
13111,96,1,32.95,4.8,3
13112,118,1,13.56,4.8,1
13113,118,1,12.2,4.8,1
13114,96,1,34.95,5.0,3
13115,118,1,21.91,4.8,1
13116,118,1,24.35,4.9,1
13117,118,1,21.91,4.8,1
13118,35,1,14.39,4.8,1
13119,46,1,14.29,4.7,1
13120,118,1,30.48,4.6,3
13121,37,1,52.77,4.8,3
13122,46,1,14.29,4.6,1
13123,183,1,13.47,4.7,1
13124,162,1,16.47,4.8,1
13125,96,1,44.95,4.7,3
13126,79,1,23.99,-1.0,0
13127,118,1,11.0,4.6,1
13128,165,1,22.0,4.6,1
13129,118,1,13.56,4.9,1
13130,118,1,24.35,4.9,1
13131,118,1,24.35,4.8,1
13132,118,1,15.23,4.8,1
13133,118,1,26.52,4.8,1
13134,46,1,14.29,4.5,1
13135,121,1,30.11,4.8,3
13136,155,1,49.99,4.6,3
13137,155,1,49.99,4.6,3
13138,61,1,60.89,4.7,3
13139,199,1,17.53,4.4,1
13140,66,1,16.97,4.5,1
13141,116,1,29.95,4.3,3
13142,183,1,14.46,4.5,1
13143,112,1,9.49,4.7,1
13144,115,1,12.47,4.6,1
13145,96,1,19.95,5.0,1
13146,118,1,24.35,4.8,1
13147,118,1,64.22,4.8,3
13148,118,1,13.18,4.8,1
13149,118,1,31.29,4.6,3
13150,115,1,13.83,4.9,1
13151,109,1,24.47,4.8,1
13152,142,1,34.0,-1.0,0
13153,61,1,34.29,4.8,3
13154,165,1,45.0,4.5,3
13155,61,1,21.69,4.8,1
13156,118,1,19.34,4.6,1
13157,31,1,33.15,4.8,3
13158,61,1,30.09,4.8,3
13159,121,1,71.67,4.8,3
13160,96,1,26.95,5.0,1
13161,199,1,17.53,4.5,1
13162,33,1,6.51,4.6,1
13163,165,1,63.0,4.3,3
13164,118,1,9.62,4.7,1
13165,37,1,54.97,4.8,3
13166,60,1,37.49,4.8,3
13167,97,1,9.63,3.9,1
13168,118,1,48.71,4.5,3
13169,56,1,29.97,4.6,3
13170,118,1,36.08,4.6,3
13171,104,1,39.95,4.8,3
13172,137,1,16.9,4.9,1
13173,61,1,39.89,3.9,3
13174,96,1,29.95,4.7,3
13175,137,1,13.18,4.6,1
13176,118,1,19.34,-1.0,0
13177,57,1,15.99,4.6,1
13178,118,1,14.62,4.8,1
13179,116,1,7.41,4.8,1
13180,26,1,44.99,3.0,3
13181,0,1,5.36,5.0,1
13182,57,1,29.99,4.6,3
13183,106,1,18.25,4.7,1
13184,115,1,21.61,5.0,1
13185,148,1,33.46,4.6,3
13186,61,1,39.89,4.7,3
13187,61,1,28.97,4.8,3
13188,61,1,39.89,4.8,3
13189,79,1,20.99,4.8,1
13190,137,1,13.18,4.7,1
13191,167,1,6.59,5.0,1
13192,118,1,34.77,4.5,3
13193,140,1,24.99,5.0,1
13194,140,1,24.99,4.6,1
13195,98,1,26.99,4.8,1
13196,61,1,81.19,4.8,3
13197,188,1,15.61,4.8,1
13198,152,1,32.95,4.9,3
13199,97,1,7.53,4.6,1
13200,126,1,31.99,4.8,3
13201,79,1,13.94,4.8,1
13202,46,1,10.88,4.7,1
13203,0,1,7.47,4.5,1
13204,116,1,14.42,4.6,1
13205,122,1,29.71,4.6,3
13206,79,1,25.99,4.7,1
13207,79,1,11.54,4.7,1
13208,85,1,21.0,4.8,1
13209,176,1,16.99,4.3,1
13210,46,1,10.88,4.5,1
13211,14,1,31.0,4.8,3
13212,154,1,18.75,4.6,1
13213,61,1,18.89,5.0,1
13214,106,1,36.52,4.8,3
13215,176,1,21.99,4.8,1
13216,167,1,11.19,4.6,1
13217,112,1,17.55,4.7,1
13218,61,1,18.89,5.0,1
13219,137,1,13.52,4.8,1
13220,143,1,22.37,4.8,1
13221,61,1,18.89,4.5,1
13222,97,1,13.2,-1.0,0
13223,175,1,36.0,4.0,3
13224,114,1,16.49,4.6,1
13225,24,1,24.0,4.8,1
13226,77,1,31.99,4.6,3
13227,167,1,12.49,4.7,1
13228,167,1,22.07,-1.0,0
13229,79,1,17.49,4.7,1
13230,115,1,12.31,5.0,1
13231,61,1,34.29,4.8,3
13232,14,1,55.16,4.4,3
13233,152,1,32.95,4.8,3
13234,61,1,64.39,4.8,3
13235,167,1,9.27,4.6,1
13236,61,1,64.39,4.7,3
13237,61,1,50.39,4.8,3
13238,77,1,17.24,4.6,1
13239,77,1,29.99,4.7,3
13240,106,1,14.6,4.7,1
13241,105,1,44.95,-1.0,0
13242,77,1,22.49,4.6,1
13243,154,1,18.75,4.2,1
13244,131,1,29.99,4.3,3
13245,154,1,18.75,4.6,1
13246,79,1,59.99,-1.0,0
13247,14,1,43.6,4.7,3
13248,30,1,51.74,4.6,3
13249,118,1,28.08,4.7,1
13250,148,1,34.85,4.7,3
13251,61,1,35.69,4.8,3
13252,106,1,18.62,4.8,1
13253,142,1,20.25,-1.0,0
13254,109,1,22.37,4.6,1
13255,154,1,15.0,5.0,1
13256,129,1,6.61,4.6,1
13257,15,1,37.39,4.6,3
13258,186,1,32.09,4.7,3
13259,118,1,19.13,4.6,1
13260,198,1,17.99,4.7,1
13261,198,1,16.99,4.6,1
13262,130,1,12.37,4.8,1
13263,130,1,12.37,4.0,1
13264,167,1,16.75,4.8,1
13265,130,1,12.37,5.0,1
13266,130,1,12.37,5.0,1
13267,130,1,15.9,5.0,1
13268,167,1,28.09,-1.0,0
13269,109,1,27.97,4.8,1
13270,65,1,14.98,3.8,1
13271,118,1,39.59,4.6,3
13272,187,1,17.99,4.4,1
13273,154,1,18.15,-1.0,0
13274,115,1,12.13,4.7,1
13275,65,1,14.98,4.3,1
13276,14,1,13.8,4.9,1
13277,14,1,27.16,4.8,1
13278,36,1,42.46,4.5,3
13279,36,1,42.46,4.4,3
13280,36,1,42.46,4.6,3
13281,36,1,42.46,4.7,3
13282,98,1,14.99,4.8,1
13283,36,1,25.46,4.8,1
13284,98,1,14.99,4.3,1
13285,36,1,42.46,4.9,3
13286,154,1,18.9,5.0,1
13287,12,1,22.61,4.7,1
13288,14,1,35.96,4.8,3
13289,99,1,22.15,4.7,1
13290,198,1,14.99,4.7,1
13291,199,1,25.97,4.8,1
13292,199,1,20.12,4.8,1
13293,182,1,14.99,4.6,1
13294,182,1,15.49,4.6,1
13295,61,1,26.59,4.8,1
13296,158,1,22.0,4.5,1
13297,109,1,27.97,4.7,1
13298,199,1,11.42,4.8,1
13299,118,1,21.99,4.6,1
13300,118,1,28.27,4.7,1
13301,61,1,26.59,4.7,1
13302,45,1,15.81,4.7,1
13303,61,1,26.59,4.7,1
13304,45,1,21.56,4.7,1
13305,45,1,19.4,4.8,1
13306,56,1,22.38,4.4,1
13307,106,1,19.71,4.8,1
13308,158,1,31.68,4.5,3
13309,45,1,25.17,4.8,1
13310,158,1,45.43,4.6,3
13311,158,1,23.45,4.6,1
13312,158,1,59.66,4.5,3
13313,45,1,39.56,4.8,3
13314,45,1,35.96,4.7,3
13315,45,1,39.56,4.7,3
13316,142,1,30.0,3.0,3
13317,142,1,36.0,-1.0,0
13318,25,1,12.26,4.8,1
13319,61,1,26.59,4.7,1
13320,110,1,17.04,4.8,1
13321,110,1,32.33,4.8,3
13322,14,1,31.96,4.8,3
13323,14,1,40.2,4.9,3
13324,14,1,40.2,4.6,3
13325,36,1,25.46,4.8,1
13326,36,1,25.46,4.4,1
13327,109,1,17.47,4.7,1
13328,45,1,22.46,4.7,1
13329,61,1,26.59,4.8,1
13330,167,1,11.89,5.0,1
13331,154,1,27.01,4.7,1
13332,110,1,12.35,4.6,1
13333,109,1,20.27,4.7,1
13334,98,1,55.99,4.9,3
13335,199,1,22.0,4.8,1
13336,61,1,23.93,4.7,1
13337,106,1,32.87,4.8,3
13338,61,1,26.59,4.8,1
13339,130,1,12.37,5.0,1
13340,130,1,15.89,5.0,1
13341,98,1,55.99,4.9,3
13342,30,1,17.77,4.5,1
13343,30,1,34.64,4.5,3
13344,202,1,19.44,4.7,1
13345,154,1,18.01,4.8,1
13346,116,1,9.47,4.6,1
13347,154,1,12.0,4.6,1
13348,154,1,17.63,4.8,1
13349,129,1,6.61,4.6,1
13350,154,1,18.75,4.8,1
13351,167,1,8.39,-1.0,0
13352,154,1,18.01,4.8,1
13353,26,1,39.99,5.0,3
13354,198,1,11.89,2.0,1
13355,167,1,6.73,4.0,1
13356,167,1,14.29,-1.0,0
13357,167,1,13.59,-1.0,0
13358,112,1,14.84,4.8,1
13359,96,1,44.95,4.7,3
13360,164,1,26.97,5.0,1
13361,152,1,42.95,4.5,3
13362,152,1,59.95,4.9,3
13363,175,1,28.0,4.5,1
13364,14,1,27.16,4.8,1
13365,110,1,12.35,4.7,1
13366,56,1,16.07,4.4,1
13367,156,1,18.38,4.8,1
13368,156,1,44.41,4.7,3
13369,110,1,30.09,4.7,3
13370,167,1,6.99,-1.0,0
13371,65,1,14.0,4.9,1
13372,167,1,9.11,4.8,1
13373,156,1,22.01,4.7,1
13374,156,1,40.01,4.8,3
13375,156,1,40.78,4.7,3
13376,156,1,19.92,4.7,1
13377,154,1,22.89,4.7,1
13378,158,1,34.65,4.5,3
13379,154,1,30.01,4.5,1
13380,146,1,31.95,4.7,3
13381,158,1,24.17,4.6,1
13382,158,1,32.92,4.6,3
13383,158,1,17.0,4.6,1
13384,45,1,16.16,4.7,1
13385,158,1,29.22,4.6,1
13386,158,1,21.87,4.6,1
13387,158,1,41.12,4.5,3
13388,158,1,48.82,4.6,3
13389,158,1,32.47,4.6,3
13390,158,1,21.87,4.6,1
13391,199,1,70.18,4.8,3
13392,4,1,87.99,4.3,3
13393,14,1,43.6,4.7,3
13394,142,1,40.0,4.8,3
13395,56,1,17.47,4.5,1
13396,56,1,10.32,4.5,1
13397,199,1,38.97,5.0,3
13398,199,1,61.72,4.8,3
13399,158,1,37.65,4.5,3
13400,14,1,26.36,4.6,1
13401,14,1,13.56,4.6,1
13402,14,1,38.6,4.6,3
13403,36,1,42.46,4.5,3
13404,0,1,6.21,4.7,1
13405,112,1,13.49,4.4,1
13406,145,1,34.81,4.7,3
13407,171,1,24.76,-1.0,0
13408,158,1,34.31,4.6,3
13409,156,1,19.92,4.7,1
13410,156,1,24.32,4.8,1
13411,106,1,18.26,4.6,1
13412,77,1,18.99,4.4,1
13413,106,1,24.34,4.7,1
13414,110,1,13.25,4.2,1
13415,118,1,25.16,-1.0,0
13416,26,1,29.99,4.7,3
13417,67,1,43.82,4.4,3
13418,90,1,24.29,4.8,1
13419,158,1,45.43,4.7,3
13420,202,1,19.44,4.7,1
13421,202,1,19.44,4.7,1
13422,26,1,29.99,4.8,3
13423,202,1,21.6,4.6,1
13424,202,1,19.44,4.7,1
13425,109,1,21.67,4.7,1
13426,116,1,39.51,4.3,3
13427,116,1,10.42,4.7,1
13428,26,1,32.99,4.7,3
13429,118,1,10.54,4.8,1
13430,111,1,14.24,4.7,1
13431,116,1,20.61,4.4,1
13432,111,1,22.49,4.7,1
13433,115,1,8.96,4.7,1
13434,61,1,65.09,4.4,3
13435,116,1,15.82,4.7,1
13436,98,1,32.99,4.7,3
13437,98,1,25.99,4.7,1
13438,116,1,11.1,4.6,1
13439,196,1,29.99,5.0,1
13440,161,1,35.95,-1.0,0
13441,67,1,43.82,4.6,3
13442,162,1,13.81,4.5,1
13443,97,1,6.57,4.5,1
13444,56,1,20.27,4.5,1
13445,85,1,16.5,4.8,1
13446,56,1,19.97,4.3,1
13447,202,1,24.0,-1.0,0
13448,130,1,17.66,3.7,1
13449,116,1,27.72,4.7,1
13450,195,1,31.99,4.7,3
13451,202,1,24.0,-1.0,0
13452,156,1,10.04,4.8,1
13453,112,1,8.36,4.6,1
13454,195,1,31.99,4.8,3
13455,85,1,10.5,4.9,1
13456,115,1,16.17,5.0,1
13457,112,1,18.03,4.6,1
13458,16,1,30.6,4.6,3
13459,156,1,15.44,4.8,1
13460,85,1,10.5,4.9,1
13461,85,1,9.75,4.8,1
13462,156,1,9.26,4.8,1
13463,26,1,39.99,4.6,3
13464,56,1,20.97,4.6,1
13465,56,1,24.47,4.6,1
13466,56,1,25.87,4.4,1
13467,56,1,23.07,4.4,1
13468,85,1,18.0,4.8,1
13469,26,1,27.99,4.7,1
13470,175,1,24.0,4.7,1
13471,55,1,14.99,4.7,1
13472,14,1,28.76,4.6,3
13473,183,1,11.64,4.7,1
13474,61,1,20.29,4.7,1
13475,61,1,20.29,4.8,1
13476,61,1,15.39,4.8,1
13477,22,1,17.96,4.8,1
13478,199,1,14.27,4.5,1
13479,167,1,5.99,4.8,1
13480,154,1,28.51,4.5,1
13481,121,1,19.97,4.7,1
13482,33,1,10.59,4.3,1
13483,116,1,26.68,4.8,1
13484,116,1,13.47,4.8,1
13485,122,1,15.26,4.9,1
13486,9,1,15.99,4.8,1
13487,109,1,10.47,4.9,1
13488,104,1,26.95,4.7,1
13489,118,1,20.01,4.5,1
13490,32,1,13.43,4.9,1
13491,104,1,24.95,4.7,1
13492,155,1,25.99,4.4,1
13493,11,1,34.43,4.5,3
13494,193,1,41.99,4.6,3
13495,155,1,19.99,4.7,1
13496,198,1,12.99,4.7,1
13497,70,1,29.21,4.3,3
13498,156,1,13.74,4.8,1
13499,170,1,24.0,4.7,1
13500,141,1,6.99,4.7,1
13501,155,1,27.99,4.7,1
13502,184,1,10.0,4.6,1
13503,158,1,35.18,4.8,3
13504,148,1,27.59,4.6,1
13505,98,1,29.99,4.9,3
13506,141,1,13.09,4.5,1
13507,110,1,15.41,4.6,1
13508,116,1,5.48,4.8,1
13509,37,1,93.47,4.9,3
13510,156,1,16.99,4.7,1
13511,166,1,6.05,4.8,1
13512,116,1,6.48,4.8,1
13513,79,1,21.99,4.6,1
13514,148,1,16.71,4.7,1
13515,118,1,11.35,4.7,1
13516,122,1,24.61,4.9,1
13517,100,1,10.98,4.8,1
13518,155,1,19.99,4.7,1
13519,0,1,7.21,4.8,1
13520,145,1,47.47,4.7,3
13521,154,1,17.25,4.8,1
13522,100,1,12.49,4.8,1
13523,17,1,9.27,4.8,1
13524,17,1,10.97,4.7,1
13525,162,1,7.44,4.7,1
13526,198,1,9.36,4.6,1
13527,23,1,24.95,4.8,1
13528,14,1,24.76,4.6,1
13529,122,1,15.26,4.9,1
13530,155,1,28.99,4.7,1
13531,88,1,17.49,4.8,1
13532,22,1,9.96,4.9,1
13533,72,1,69.95,4.7,3
13534,96,1,23.95,4.8,1
13535,145,1,39.91,4.8,3
13536,198,1,9.62,4.7,1
13537,110,1,11.04,4.7,1
13538,183,1,11.64,4.7,1
13539,33,1,8.14,4.7,1
13540,16,1,24.0,4.8,1
13541,37,1,17.57,4.9,1
13542,97,1,5.75,4.6,1
13543,33,1,6.1,4.7,1
13544,48,1,58.12,4.8,3
13545,18,1,33.0,4.9,3
13546,108,1,11.59,4.8,1
13547,145,1,33.6,4.6,3
13548,22,1,17.56,4.7,1
13549,159,1,11.99,4.9,1
13550,61,1,50.39,4.7,3
13551,77,1,34.99,4.6,3
13552,37,1,65.97,4.8,3
13553,17,1,33.92,4.8,3
13554,61,1,16.79,4.7,1
13555,118,1,22.74,4.8,1
13556,145,1,42.19,4.5,3
13557,162,1,9.66,4.7,1
13558,148,1,19.53,4.7,1
13559,141,1,22.97,4.8,1
13560,122,1,18.66,4.9,1
13561,61,1,25.89,4.6,1
13562,0,1,5.59,4.6,1
13563,61,1,22.39,4.9,1
13564,22,1,13.96,4.8,1
13565,68,1,8.93,4.7,1
13566,106,1,14.62,4.7,1
13567,61,1,26.59,4.9,1
13568,109,1,24.47,4.6,1
13569,156,1,20.46,4.7,1
13570,155,1,11.99,4.8,1
13571,26,1,35.99,4.8,3
13572,14,1,23.4,4.6,1
13573,141,1,11.99,4.7,1
13574,85,1,18.0,4.6,1
13575,176,1,16.99,4.7,1
13576,154,1,26.26,4.6,1
13577,160,1,19.97,4.7,1
13578,122,1,29.71,4.9,1
13579,109,1,13.97,4.9,1
13580,14,1,15.16,4.9,1
13581,115,1,9.45,5.0,1
13582,122,1,24.61,4.8,1
13583,0,1,2.4,4.8,1
13584,157,1,7.0,4.7,1
13585,162,1,6.82,4.9,1
13586,159,1,19.19,4.9,1
13587,30,1,21.14,4.5,1
13588,61,1,15.39,4.8,1
13589,68,1,7.65,4.7,1
13590,141,1,14.99,4.6,1
13591,156,1,22.4,4.8,1
13592,36,1,45.01,4.7,3
13593,122,1,44.16,4.8,3
13594,109,1,3.7,4.8,1
13595,162,1,9.66,4.8,1
13596,14,1,27.16,4.7,1
13597,145,1,63.3,4.7,3
13598,118,1,7.82,4.9,1
13599,115,1,9.11,4.8,1
13600,167,1,8.99,4.8,1
13601,14,1,24.76,4.6,1
13602,22,1,7.96,4.9,1
13603,141,1,9.99,4.7,1
13604,88,1,20.99,4.5,1
13605,183,1,11.64,4.8,1
13606,17,1,20.83,4.9,1
13607,100,1,13.49,4.8,1
13608,155,1,20.49,4.8,1
13609,156,1,8.49,4.8,1
13610,55,1,14.99,4.5,1
13611,106,1,12.16,4.6,1
13612,16,1,9.0,4.8,1
13613,79,1,12.99,4.7,1
13614,176,1,16.99,4.7,1
13615,37,1,32.97,4.7,3
13616,158,1,8.96,4.7,1
13617,106,1,18.08,4.7,1
13618,0,1,5.36,4.7,1
13619,87,1,33.99,4.8,3
13620,156,1,7.56,4.9,1
13621,154,1,17.25,4.7,1
13622,112,1,7.89,4.6,1
13623,0,1,8.82,4.8,1
13624,109,1,9.77,4.7,1
13625,112,1,10.31,4.9,1
13626,83,1,15.11,4.8,1
13627,176,1,16.99,4.7,1
13628,37,1,32.97,4.7,3
13629,158,1,8.96,4.7,1
13630,106,1,18.08,4.7,1
13631,0,1,5.36,4.7,1
13632,87,1,33.99,4.8,3
13633,156,1,7.56,4.9,1
13634,154,1,17.25,4.7,1
13635,112,1,7.89,4.6,1
13636,0,1,8.82,4.8,1
13637,109,1,9.77,4.7,1
13638,112,1,10.31,4.9,1
13639,83,1,15.11,4.8,1
13640,37,1,21.97,4.9,1
13641,109,1,7.33,4.9,1
13642,8,1,13.29,4.7,1
13643,0,1,4.35,4.8,1
13644,195,1,52.79,4.9,3
13645,96,1,21.95,4.8,1
13646,36,1,46.71,4.4,3
13647,34,1,12.29,4.9,1
13648,122,1,8.46,4.8,1
13649,22,1,7.96,4.8,1
13650,198,1,8.34,4.5,1
13651,34,1,5.59,4.8,1
13652,144,1,8.93,4.5,1
13653,16,1,9.0,4.8,1
13654,37,1,10.97,4.9,1
13655,37,1,16.47,4.7,1
13656,30,1,19.19,4.5,1
13657,121,1,19.01,4.8,1
13658,155,1,22.49,4.8,1
13659,78,1,36.9,4.7,3
13660,116,1,6.81,4.7,1
13661,100,1,8.16,4.8,1
13662,147,1,16.5,4.8,1
13663,118,1,13.26,4.8,1
13664,22,1,17.56,4.7,1
13665,106,1,20.81,4.5,1
13666,22,1,17.56,4.8,1
13667,151,1,10.26,4.8,1
13668,155,1,20.49,4.7,1
13669,30,1,20.09,4.8,1
13670,8,1,10.63,4.7,1
13671,8,1,11.47,4.7,1
13672,106,1,15.82,4.7,1
13673,83,1,16.76,4.8,1
13674,109,1,39.17,4.6,3
13675,85,1,51.0,4.7,3
13676,155,1,19.99,4.8,1
13677,107,1,7.45,4.8,1
13678,106,1,4.26,4.8,1
13679,195,1,23.99,4.9,1
13680,0,1,2.14,4.8,1
13681,22,1,10.76,4.7,1
13682,83,1,6.55,4.8,1
13683,150,1,54.96,4.4,3
13684,14,1,46.0,4.6,3
13685,114,1,22.49,4.5,1
13686,181,1,11.69,4.9,1
13687,8,1,13.29,4.9,1
13688,16,1,15.0,4.7,1
13689,100,1,8.49,4.8,1
13690,37,1,32.97,4.8,3
13691,32,1,15.15,4.8,1
13692,118,1,12.07,4.9,1
13693,61,1,13.99,4.9,1
13694,200,1,13.99,4.8,1
13695,0,1,4.01,4.7,1
13696,44,1,21.04,4.6,1
13697,155,1,38.99,4.7,3
13698,83,1,10.04,4.8,1
13699,78,1,10.19,4.9,1
13700,198,1,9.36,4.8,1
13701,118,1,18.66,4.8,1
13702,184,1,7.0,4.5,1
13703,22,1,8.76,4.8,1
13704,0,1,6.21,4.7,1
13705,52,1,24.99,4.6,1
13706,156,1,10.42,4.8,1
13707,78,1,21.3,4.7,1
13708,72,1,49.95,4.6,3
13709,106,1,7.69,4.9,1
13710,106,1,5.49,4.8,1
13711,54,1,13.59,4.8,1
13712,61,1,19.59,4.8,1
13713,109,1,4.46,4.9,1
13714,61,1,11.19,4.9,1
13715,101,1,17.99,4.7,1
13716,37,1,18.67,4.9,1
13717,112,1,7.0,4.8,1
13718,145,1,42.2,4.6,3
13719,121,1,40.29,4.7,3
13720,158,1,35.32,4.5,3
13721,83,1,16.76,4.9,1
13722,16,1,7.2,4.9,1
13723,152,1,22.95,4.9,1
13724,138,1,16.0,4.9,1
13725,0,1,2.67,4.7,1
13726,97,1,4.65,4.8,1
13727,100,1,8.16,4.8,1
13728,106,1,9.13,4.7,1
13729,68,1,9.78,4.8,1
13730,138,1,10.0,4.8,1
13731,17,1,23.8,4.9,1
13732,141,1,27.99,4.6,1
13733,22,1,13.96,4.8,1
13734,183,1,12.95,4.6,1
13735,49,1,34.99,4.7,3
13736,17,1,14.62,4.8,1
13737,104,1,29.95,4.9,3
13738,155,1,14.99,4.7,1
13739,16,1,13.0,4.8,1
13740,84,1,30.0,4.7,3
13741,109,1,11.87,4.6,1
13742,156,1,17.76,4.8,1
13743,106,1,9.13,4.7,1
13744,68,1,9.78,4.8,1
13745,138,1,10.0,4.8,1
13746,17,1,23.8,4.9,1
13747,141,1,27.99,4.6,1
13748,22,1,13.96,4.8,1
13749,183,1,12.95,4.6,1
13750,49,1,34.99,4.7,3
13751,17,1,14.62,4.8,1
13752,104,1,29.95,4.9,3
13753,155,1,14.99,4.7,1
13754,16,1,13.0,4.8,1
13755,84,1,30.0,4.7,3
13756,109,1,11.87,4.6,1
13757,156,1,17.76,4.8,1
13758,60,1,29.62,4.6,3
13759,17,1,16.07,4.8,1
13760,14,1,10.0,4.9,1
13761,61,1,39.19,4.5,3
13762,22,1,18.36,4.8,1
13763,88,1,17.99,4.8,1
13764,61,1,26.59,4.8,1
13765,81,1,9.92,4.8,1
13766,118,1,9.69,4.8,1
13767,61,1,47.59,4.6,3
13768,60,1,29.62,4.6,3
13769,17,1,16.07,4.8,1
13770,14,1,10.0,4.9,1
13771,61,1,39.19,4.5,3
13772,22,1,18.36,4.8,1
13773,88,1,17.99,4.8,1
13774,61,1,26.59,4.8,1
13775,81,1,9.92,4.8,1
13776,118,1,9.69,4.8,1
13777,61,1,47.59,4.6,3
13778,26,1,37.99,4.8,3
13779,109,1,34.97,4.8,3
13780,86,1,8.99,4.9,1
13781,145,1,25.32,4.8,1
13782,71,1,18.59,4.8,1
13783,17,1,23.8,4.9,1
13784,158,1,9.79,4.7,1
13785,155,1,14.99,4.7,1
13786,118,1,9.48,4.9,1
13787,30,1,14.68,4.5,1
13788,107,1,9.33,4.6,1
13789,36,1,76.46,4.5,3
13790,36,1,48.41,4.3,3
13791,43,1,43.16,4.6,3
13792,26,1,39.99,4.8,3
13793,30,1,14.24,4.8,1
13794,26,1,37.99,4.8,3
13795,109,1,34.97,4.8,3
13796,86,1,8.99,4.9,1
13797,145,1,25.32,4.8,1
13798,71,1,18.59,4.8,1
13799,17,1,23.8,4.9,1
13800,158,1,9.79,4.7,1
13801,155,1,14.99,4.7,1
13802,118,1,9.48,4.9,1
13803,30,1,14.68,4.5,1
13804,107,1,9.33,4.6,1
13805,36,1,76.46,4.5,3
13806,36,1,48.41,4.3,3
13807,43,1,43.16,4.6,3
13808,26,1,39.99,4.8,3
13809,30,1,14.24,4.8,1
13810,36,1,45.01,4.4,3
13811,16,1,7.0,4.9,1
13812,141,1,19.99,4.5,1
13813,184,1,8.0,4.7,1
13814,122,1,14.87,4.8,1
13815,37,1,16.47,4.7,1
13816,84,1,9.0,4.8,1
13817,61,1,13.29,4.7,1
13818,61,1,19.59,4.8,1
13819,37,1,43.99,4.7,3
13820,37,1,10.97,4.9,1
13821,118,1,9.73,4.9,1
13822,68,1,7.65,4.7,1
13823,0,1,7.11,4.8,1
13824,36,1,46.71,4.4,3
13825,106,1,10.94,4.7,1
13826,128,1,40.49,4.8,3
13827,156,1,11.19,4.7,1
13828,106,1,10.34,4.9,1
13829,0,1,4.07,4.7,1
13830,36,1,45.01,4.3,3
13831,112,1,5.26,4.8,1
13832,106,1,4.37,4.9,1
13833,22,1,19.16,4.7,1
13834,100,1,6.98,4.8,1
13835,0,1,13.37,4.7,1
13836,109,1,11.17,4.9,1
13837,48,1,44.62,4.9,3
13838,122,1,10.58,4.8,1
13839,106,1,11.19,4.9,1
13840,36,1,45.01,4.6,3
13841,106,1,26.3,4.0,1
13842,36,1,45.01,4.5,3
13843,97,1,4.08,4.7,1
13844,14,1,14.0,4.8,1
13845,34,1,14.28,4.7,1
13846,16,1,13.0,4.9,1
13847,0,1,6.22,4.7,1
13848,109,1,10.47,4.9,1
13849,68,1,7.65,4.8,1
13850,13,1,39.95,4.7,3
13851,36,1,76.46,4.4,3
13852,156,1,28.19,4.7,1
13853,166,1,17.07,4.8,1
13854,106,1,14.6,4.4,1
13855,16,1,9.0,4.8,1
13856,37,1,19.79,4.7,1
13857,106,1,7.44,4.9,1
13858,133,1,38.77,4.9,3
13859,138,1,15.0,4.8,1
13860,94,1,45.16,4.6,3
13861,121,1,23.28,4.7,1
13862,30,1,22.79,4.8,1
13863,121,1,23.28,4.7,1
13864,184,1,8.0,4.8,1
13865,155,1,28.99,4.7,1
13866,141,1,74.99,4.6,3
13867,155,1,11.49,4.8,1
13868,106,1,6.07,4.8,1
13869,158,1,37.28,4.7,3
13870,156,1,18.92,4.7,1
13871,69,1,9.0,4.7,1
13872,36,1,45.01,4.4,3
13873,61,1,23.79,4.7,1
13874,155,1,35.99,4.7,3
13875,155,1,9.49,4.7,1
13876,116,1,13.94,4.9,1
13877,112,1,14.42,4.6,1
13878,175,1,28.0,4.9,1
13879,106,1,4.86,4.8,1
13880,37,1,27.47,4.8,1
13881,31,1,30.75,4.8,3
13882,177,1,4.88,4.6,1
13883,106,1,6.32,4.9,1
13884,194,1,8.2,4.7,1
13885,14,1,27.96,4.7,1
13886,14,1,17.8,4.9,1
13887,36,1,76.46,4.4,3
13888,156,1,12.74,4.9,1
13889,156,1,11.19,4.8,1
13890,155,1,31.99,4.7,3
13891,34,1,38.09,4.7,3
13892,106,1,14.89,4.8,1
13893,16,1,10.8,4.9,1
13894,16,1,10.0,4.8,1
13895,30,1,16.64,4.7,1
13896,14,1,14.0,4.8,1
13897,34,1,7.95,4.7,1
13898,14,1,7.4,4.9,1
13899,175,1,15.0,4.9,1
13900,95,1,14.9,4.6,1
13901,12,1,27.71,4.8,1
13902,16,1,15.0,4.8,1
13903,158,1,8.79,4.7,1
13904,98,1,13.99,4.7,1
13905,122,1,22.91,4.9,1
13906,109,1,11.17,4.8,1
13907,156,1,11.42,4.9,1
13908,156,1,22.4,4.8,1
13909,30,1,17.84,4.9,1
13910,116,1,6.81,4.7,1
13911,17,1,25.42,4.9,1
13912,109,1,10.47,4.8,1
13913,85,1,18.0,4.5,1
13914,16,1,5.4,4.9,1
13915,36,1,45.01,4.5,3
13916,36,1,45.01,4.6,3
13917,138,1,15.0,4.8,1
13918,187,1,53.0,4.4,3
13919,34,1,14.28,4.7,1
13920,93,1,19.79,4.7,1
13921,156,1,11.42,4.8,1
13922,0,1,8.91,4.6,1
13923,106,1,5.47,4.9,1
13924,89,1,32.94,4.5,3
13925,81,1,19.8,4.8,1
13926,85,1,15.75,4.5,1
13927,14,1,8.2,4.9,1
13928,39,1,13.49,4.7,1
13929,0,1,3.57,4.8,1
13930,85,1,22.5,4.8,1
13931,22,1,15.96,4.9,1
13932,16,1,15.0,4.7,1
13933,61,1,13.29,4.7,1
13934,106,1,12.16,4.8,1
13935,106,1,43.85,4.6,3
13936,156,1,13.13,4.9,1
13937,155,1,20.99,4.8,1
13938,116,1,22.26,4.6,1
13939,106,1,26.3,4.3,1
13940,106,1,8.22,4.6,1
13941,30,1,13.79,4.7,1
13942,84,1,17.0,4.6,1
13943,5,1,25.21,4.5,1
13944,156,1,15.44,4.8,1
13945,69,1,9.0,4.6,1
13946,156,1,6.02,4.8,1
13947,156,1,8.1,4.8,1
13948,14,1,19.4,4.6,1
13949,5,1,60.68,4.6,3
13950,5,1,42.72,4.6,3
13951,93,1,13.19,4.5,1
13952,0,1,3.2,4.8,1
13953,0,1,3.4,4.7,1
13954,16,1,17.0,4.7,1
13955,132,1,31.88,4.7,3
13956,61,1,28.69,4.8,1
13957,0,1,3.21,4.8,1
13958,182,1,11.49,4.7,1
13959,128,1,20.99,4.9,1
13960,141,1,39.99,4.6,3
13961,119,1,17.78,4.5,1
13962,61,1,35.69,4.4,3
13963,112,1,14.19,4.8,1
13964,156,1,19.69,4.8,1
13965,61,1,13.29,4.7,1
13966,116,1,12.93,4.8,1
13967,106,1,24.36,4.8,1
13968,16,1,28.0,4.7,1
13969,16,1,35.0,4.7,3
13970,34,1,5.78,4.9,1
13971,118,1,22.06,4.8,1
13972,106,1,9.13,4.7,1
13973,61,1,17.49,4.6,1
13974,156,1,8.49,4.8,1
13975,14,1,18.8,4.9,1
13976,156,1,28.19,4.8,1
13977,13,1,31.95,4.8,3
13978,118,1,13.56,4.7,1
13979,128,1,19.49,4.8,1
13980,106,1,21.91,4.7,1
13981,34,1,9.83,4.9,1
13982,34,1,5.78,4.9,1
13983,156,1,10.42,4.8,1
13984,17,1,29.73,4.9,3
13985,106,1,15.83,4.7,1
13986,106,1,7.29,4.9,1
13987,163,1,15.99,4.5,1
13988,109,1,16.77,4.7,1
13989,25,1,11.97,4.8,1
13990,156,1,11.19,4.9,1
13991,16,1,13.0,4.8,1
13992,106,1,13.15,4.7,1
13993,109,1,22.62,4.6,1
13994,17,1,46.75,4.9,3
13995,30,1,26.24,4.8,1
13996,163,1,12.99,4.5,1
13997,61,1,48.29,4.5,3
13998,85,1,7.5,4.9,1
13999,156,1,11.42,4.9,1
14000,85,1,9.0,4.8,1
14001,119,1,21.65,4.5,1
14002,69,1,9.0,4.4,1
14003,84,1,12.0,4.8,1
14004,61,1,19.59,4.8,1
14005,85,1,18.0,4.7,1
14006,16,1,5.85,4.7,1
14007,151,1,8.84,4.8,1
14008,81,1,55.0,4.7,3
14009,97,1,5.42,4.5,1
14010,175,1,52.0,4.8,3
14011,17,1,12.67,4.9,1
14012,156,1,13.74,4.8,1
14013,156,1,22.4,4.7,1
14014,184,1,8.0,4.8,1
14015,34,1,5.15,4.7,1
14016,156,1,6.17,4.8,1
14017,85,1,21.0,4.8,1
14018,88,1,16.49,4.7,1
14019,14,1,23.0,4.9,1
14020,109,1,9.77,4.8,1
14021,34,1,34.44,4.6,3
14022,116,1,4.43,4.7,1
14023,34,1,22.95,4.6,1
14024,106,1,18.26,4.7,1
14025,111,1,14.99,4.8,1
14026,116,1,28.58,4.6,1
14027,109,1,46.17,4.9,3
14028,106,1,29.23,4.8,1
14029,156,1,20.85,4.8,1
14030,34,1,15.36,4.7,1
14031,106,1,11.56,4.8,1
14032,61,1,35.69,4.5,3
14033,116,1,15.36,4.8,1
14034,82,1,12.59,4.7,1
14035,16,1,1.0,4.7,1
14036,85,1,13.5,4.8,1
14037,84,1,9.0,4.7,1
14038,118,1,20.74,4.8,1
14039,5,1,25.21,4.6,1
14040,158,1,15.9,4.8,1
14041,107,1,12.73,4.6,1
14042,106,1,8.26,4.9,1
14043,0,1,3.13,4.7,1
14044,85,1,10.5,4.8,1
14045,156,1,7.33,4.7,1
14046,14,1,28.2,4.6,3
14047,22,1,17.96,4.7,1
14048,85,1,29.25,4.5,3
14049,183,1,8.39,4.5,1
14050,109,1,6.97,4.8,1
14051,116,1,4.08,4.6,1
14052,84,1,26.0,4.8,1
14053,158,1,4.62,4.7,1
14054,42,1,13.98,4.7,1
14055,85,1,6.75,4.8,1
14056,106,1,11.19,4.6,1
14057,106,1,13.38,4.7,1
14058,41,1,8.84,4.5,1
14059,79,1,17.99,4.8,1
14060,160,1,15.97,4.7,1
14061,16,1,7.35,4.7,1
14062,61,1,16.79,4.8,1
14063,156,1,14.67,4.8,1
14064,16,1,7.2,4.7,1
14065,84,1,10.0,4.8,1
14066,16,1,18.0,4.8,1
14067,151,1,10.26,4.8,1
14068,14,1,14.0,4.8,1
14069,26,1,39.99,4.8,3
14070,160,1,15.97,4.6,1
14071,106,1,7.66,4.7,1
14072,155,1,23.99,4.8,1
